State,day_of_week,hour_of_day,total_accidents,high_severity_accidents
AL,0,0,3,3
AL,0,1,1,1
AL,0,3,5,2
AL,0,4,175,50
AL,0,5,248,65
AL,0,6,654,183
AL,0,7,1208,316
AL,0,8,1076,288
AL,0,9,417,124
AL,0,10,490,135
AL,0,11,467,119
AL,0,12,556,137
AL,0,13,471,154
AL,0,14,583,199
AL,0,15,1176,295
AL,0,16,1188,321
AL,0,17,1354,365
AL,0,18,769,226
AL,0,19,568,168
AL,0,20,330,83
AL,0,21,247,64
AL,0,22,158,44
AL,0,23,2,1
AL,1,2,1,0
AL,1,3,4,2
AL,1,4,173,60
AL,1,5,269,87
AL,1,6,742,201
AL,1,7,1341,360
AL,1,8,1134,292
AL,1,9,432,134
AL,1,10,499,129
AL,1,11,407,106
AL,1,12,512,117
AL,1,13,413,114
AL,1,14,559,158
AL,1,15,1159,258
AL,1,16,1201,295
AL,1,17,1413,416
AL,1,18,779,212
AL,1,19,534,130
AL,1,20,390,88
AL,1,21,257,59
AL,1,22,163,58
AL,2,0,2,1
AL,2,1,1,0
AL,2,2,2,1
AL,2,3,3,1
AL,2,4,182,74
AL,2,5,285,90
AL,2,6,756,224
AL,2,7,1350,356
AL,2,8,1126,303
AL,2,9,430,132
AL,2,10,502,120
AL,2,11,435,117
AL,2,12,591,180
AL,2,13,459,131
AL,2,14,573,168
AL,2,15,1160,283
AL,2,16,1232,340
AL,2,17,1501,426
AL,2,18,812,231
AL,2,19,604,148
AL,2,20,393,106
AL,2,21,287,84
AL,2,22,160,48
AL,3,0,4,2
AL,3,1,1,0
AL,3,2,4,2
AL,3,3,4,2
AL,3,4,203,68
AL,3,5,256,67
AL,3,6,687,195
AL,3,7,1304,320
AL,3,8,1100,291
AL,3,9,420,131
AL,3,10,483,142
AL,3,11,400,103
AL,3,12,555,139
AL,3,13,473,158
AL,3,14,603,190
AL,3,15,1229,350
AL,3,16,1217,368
AL,3,17,1554,472
AL,3,18,813,237
AL,3,19,608,156
AL,3,20,414,118
AL,3,21,295,90
AL,3,22,162,58
AL,3,23,2,1
AL,4,0,1,1
AL,4,3,4,3
AL,4,4,217,74
AL,4,5,292,92
AL,4,6,637,205
AL,4,7,1078,259
AL,4,8,888,230
AL,4,9,429,119
AL,4,10,534,147
AL,4,11,462,132
AL,4,12,665,187
AL,4,13,591,204
AL,4,14,725,248
AL,4,15,1509,454
AL,4,16,1509,486
AL,4,17,1420,454
AL,4,18,913,296
AL,4,19,666,194
AL,4,20,456,129
AL,4,21,319,90
AL,4,22,214,55
AL,4,23,2,1
AL,5,6,162,92
AL,5,7,133,62
AL,5,8,161,85
AL,5,9,192,83
AL,5,10,240,107
AL,5,11,321,155
AL,5,12,278,125
AL,5,13,316,140
AL,5,14,351,146
AL,5,15,303,130
AL,5,16,239,83
AL,5,17,260,89
AL,5,18,196,78
AL,5,19,190,81
AL,5,20,156,59
AL,5,21,139,58
AL,5,22,17,7
AL,5,23,1,1
AL,6,2,1,1
AL,6,3,1,0
AL,6,5,1,1
AL,6,6,108,56
AL,6,7,102,46
AL,6,8,134,67
AL,6,9,119,55
AL,6,10,158,64
AL,6,11,218,94
AL,6,12,221,88
AL,6,13,266,116
AL,6,14,267,134
AL,6,15,253,128
AL,6,16,216,104
AL,6,17,215,91
AL,6,18,216,101
AL,6,19,172,69
AL,6,20,129,66
AL,6,21,145,68
AL,6,22,22,13
AL,6,23,1,1
AR,0,3,2,2
AR,0,4,12,5
AR,0,5,20,8
AR,0,6,33,7
AR,0,7,85,11
AR,0,8,67,7
AR,0,9,3,0
AR,0,10,3,2
AR,0,11,5,4
AR,0,12,2,0
AR,0,15,7,3
AR,0,16,3,3
AR,0,17,9,8
AR,0,18,1,0
AR,0,19,2,2
AR,0,20,2,1
AR,0,21,3,3
AR,0,22,1,0
AR,0,23,2,1
AR,1,2,1,1
AR,1,4,13,4
AR,1,5,19,9
AR,1,6,40,16
AR,1,7,79,11
AR,1,8,91,20
AR,1,9,9,6
AR,1,10,11,8
AR,1,11,5,4
AR,1,12,5,5
AR,1,13,4,4
AR,1,15,2,2
AR,1,16,2,2
AR,1,17,2,2
AR,1,18,1,1
AR,1,19,2,1
AR,1,20,1,1
AR,1,21,3,2
AR,2,1,2,1
AR,2,2,1,1
AR,2,4,11,6
AR,2,5,19,7
AR,2,6,43,17
AR,2,7,79,19
AR,2,8,66,14
AR,2,9,4,3
AR,2,10,10,6
AR,2,11,7,5
AR,2,12,8,5
AR,2,13,5,2
AR,2,14,4,2
AR,2,15,4,4
AR,2,16,5,4
AR,2,17,5,4
AR,2,18,4,4
AR,2,19,3,2
AR,2,20,1,1
AR,2,21,2,1
AR,2,22,3,2
AR,3,4,17,5
AR,3,5,34,13
AR,3,6,43,19
AR,3,7,79,15
AR,3,8,66,15
AR,3,9,9,7
AR,3,10,7,5
AR,3,11,1,1
AR,3,12,2,1
AR,3,13,2,1
AR,3,14,7,6
AR,3,15,8,5
AR,3,16,3,2
AR,3,17,6,4
AR,3,18,3,3
AR,3,19,1,0
AR,3,20,1,1
AR,3,21,2,2
AR,3,23,1,1
AR,4,3,1,0
AR,4,4,14,3
AR,4,5,14,6
AR,4,6,25,5
AR,4,7,51,7
AR,4,8,57,10
AR,4,9,7,4
AR,4,10,7,4
AR,4,11,6,5
AR,4,12,4,4
AR,4,13,3,3
AR,4,14,3,2
AR,4,15,2,2
AR,4,16,7,5
AR,4,17,3,2
AR,4,18,5,1
AR,4,19,3,2
AR,4,20,3,2
AR,4,22,5,4
AR,5,2,2,2
AR,5,3,1,1
AR,5,5,1,1
AR,5,6,1,1
AR,5,7,1,1
AR,5,8,1,1
AR,5,9,3,2
AR,5,11,3,2
AR,5,12,2,2
AR,5,13,2,1
AR,5,14,1,1
AR,5,15,1,1
AR,5,16,1,1
AR,5,17,2,2
AR,5,18,1,1
AR,5,19,2,2
AR,5,20,2,1
AR,5,21,1,0
AR,5,22,1,1
AR,6,0,1,1
AR,6,1,1,1
AR,6,6,3,3
AR,6,8,1,1
AR,6,9,1,1
AR,6,10,1,1
AR,6,12,3,2
AR,6,13,1,1
AR,6,14,1,1
AR,6,15,6,4
AR,6,16,3,1
AR,6,17,1,0
AR,6,19,2,2
AR,6,20,1,1
AR,6,21,1,1
AZ,0,0,2,2
AZ,0,1,1,1
AZ,0,2,6,2
AZ,0,3,135,44
AZ,0,4,420,108
AZ,0,5,570,120
AZ,0,6,982,150
AZ,0,7,1432,164
AZ,0,8,1259,150
AZ,0,9,691,80
AZ,0,10,564,95
AZ,0,11,488,74
AZ,0,12,378,86
AZ,0,13,589,141
AZ,0,14,887,165
AZ,0,15,1045,222
AZ,0,16,1366,216
AZ,0,17,1190,212
AZ,0,18,583,116
AZ,0,19,292,75
AZ,0,20,237,67
AZ,0,21,201,70
AZ,0,22,68,23
AZ,0,23,3,1
AZ,1,0,6,1
AZ,1,1,6,4
AZ,1,2,11,3
AZ,1,3,104,25
AZ,1,4,402,92
AZ,1,5,634,136
AZ,1,6,1134,223
AZ,1,7,1642,206
AZ,1,8,1474,179
AZ,1,9,750,100
AZ,1,10,553,94
AZ,1,11,517,87
AZ,1,12,417,102
AZ,1,13,567,106
AZ,1,14,974,183
AZ,1,15,1081,212
AZ,1,16,1450,267
AZ,1,17,1285,244
AZ,1,18,698,178
AZ,1,19,364,94
AZ,1,20,265,69
AZ,1,21,202,64
AZ,1,22,80,37
AZ,1,23,9,4
AZ,2,1,2,1
AZ,2,2,1,1
AZ,2,3,92,32
AZ,2,4,411,101
AZ,2,5,638,140
AZ,2,6,1124,202
AZ,2,7,1585,205
AZ,2,8,1482,163
AZ,2,9,826,123
AZ,2,10,609,87
AZ,2,11,548,86
AZ,2,12,437,94
AZ,2,13,574,113
AZ,2,14,988,178
AZ,2,15,1086,217
AZ,2,16,1431,216
AZ,2,17,1285,241
AZ,2,18,721,157
AZ,2,19,348,77
AZ,2,20,262,61
AZ,2,21,211,68
AZ,2,22,71,31
AZ,2,23,7,2
AZ,3,0,3,2
AZ,3,1,4,3
AZ,3,3,106,31
AZ,3,4,424,100
AZ,3,5,650,153
AZ,3,6,1008,161
AZ,3,7,1620,214
AZ,3,8,1346,144
AZ,3,9,729,95
AZ,3,10,548,96
AZ,3,11,516,90
AZ,3,12,503,97
AZ,3,13,558,123
AZ,3,14,998,189
AZ,3,15,1164,190
AZ,3,16,1408,229
AZ,3,17,1287,233
AZ,3,18,665,138
AZ,3,19,388,90
AZ,3,20,219,64
AZ,3,21,189,57
AZ,3,22,74,27
AZ,3,23,11,6
AZ,4,0,2,1
AZ,4,2,1,1
AZ,4,3,94,26
AZ,4,4,464,130
AZ,4,5,550,120
AZ,4,6,988,176
AZ,4,7,1366,165
AZ,4,8,1288,146
AZ,4,9,751,90
AZ,4,10,589,105
AZ,4,11,592,111
AZ,4,12,601,141
AZ,4,13,726,174
AZ,4,14,1015,216
AZ,4,15,1213,274
AZ,4,16,1517,264
AZ,4,17,1320,235
AZ,4,18,702,177
AZ,4,19,429,119
AZ,4,20,311,73
AZ,4,21,226,48
AZ,4,22,57,22
AZ,4,23,14,9
AZ,5,0,6,4
AZ,5,1,2,2
AZ,5,2,1,1
AZ,5,4,112,47
AZ,5,5,158,74
AZ,5,6,163,84
AZ,5,7,174,62
AZ,5,8,171,74
AZ,5,9,187,78
AZ,5,10,214,85
AZ,5,11,252,115
AZ,5,12,232,120
AZ,5,13,238,125
AZ,5,14,235,110
AZ,5,15,184,72
AZ,5,16,207,88
AZ,5,17,169,67
AZ,5,18,202,78
AZ,5,19,167,58
AZ,5,20,31,12
AZ,5,21,4,3
AZ,5,22,4,0
AZ,5,23,1,1
AZ,6,1,2,2
AZ,6,2,1,1
AZ,6,3,2,2
AZ,6,4,121,62
AZ,6,5,149,74
AZ,6,6,157,73
AZ,6,7,115,48
AZ,6,8,145,59
AZ,6,9,152,53
AZ,6,10,182,68
AZ,6,11,228,93
AZ,6,12,186,87
AZ,6,13,162,78
AZ,6,14,146,80
AZ,6,15,133,65
AZ,6,16,159,66
AZ,6,17,122,53
AZ,6,18,146,72
AZ,6,19,91,42
AZ,6,20,26,17
AZ,6,21,1,1
AZ,6,22,14,8
AZ,6,23,4,3
CA,0,0,1753,687
CA,0,1,1612,544
CA,0,2,1691,615
CA,0,3,1468,539
CA,0,4,2390,775
CA,0,5,3885,1246
CA,0,6,5366,1719
CA,0,7,6397,2056
CA,0,8,6740,2205
CA,0,9,5454,2068
CA,0,10,4766,1839
CA,0,11,4977,1872
CA,0,12,3458,1487
CA,0,13,4117,1449
CA,0,14,4454,1772
CA,0,15,5025,1947
CA,0,16,5264,1904
CA,0,17,5452,2100
CA,0,18,4823,2028
CA,0,19,3495,1423
CA,0,20,3369,1479
CA,0,21,2242,1109
CA,0,22,1942,786
CA,0,23,1741,652
CA,1,0,1634,676
CA,1,1,1300,452
CA,1,2,1326,521
CA,1,3,1080,399
CA,1,4,1980,619
CA,1,5,3705,1193
CA,1,6,5641,1855
CA,1,7,6919,2181
CA,1,8,7295,2398
CA,1,9,5967,2227
CA,1,10,5005,1952
CA,1,11,5253,1936
CA,1,12,3627,1581
CA,1,13,4070,1450
CA,1,14,4337,1689
CA,1,15,4868,1964
CA,1,16,5218,1961
CA,1,17,5858,2278
CA,1,18,5181,2109
CA,1,19,3801,1571
CA,1,20,3491,1479
CA,1,21,2280,1110
CA,1,22,2119,892
CA,1,23,1806,679
CA,2,0,1650,673
CA,2,1,1288,408
CA,2,2,1401,489
CA,2,3,1147,426
CA,2,4,2128,654
CA,2,5,3763,1228
CA,2,6,5584,1905
CA,2,7,6866,2154
CA,2,8,7501,2442
CA,2,9,5852,2149
CA,2,10,5078,1952
CA,2,11,5317,2064
CA,2,12,3875,1649
CA,2,13,4520,1634
CA,2,14,4653,1816
CA,2,15,5186,2050
CA,2,16,5481,2027
CA,2,17,6140,2452
CA,2,18,5451,2199
CA,2,19,3979,1635
CA,2,20,3514,1490
CA,2,21,2241,1106
CA,2,22,2212,917
CA,2,23,1917,724
CA,3,0,1676,629
CA,3,1,1475,514
CA,3,2,1587,604
CA,3,3,1314,507
CA,3,4,2229,747
CA,3,5,3708,1157
CA,3,6,5136,1652
CA,3,7,6648,2102
CA,3,8,7040,2297
CA,3,9,5952,2263
CA,3,10,5161,2094
CA,3,11,5478,2105
CA,3,12,3938,1770
CA,3,13,4539,1716
CA,3,14,4893,2066
CA,3,15,5323,2135
CA,3,16,5513,2027
CA,3,17,6086,2450
CA,3,18,5381,2293
CA,3,19,4236,1807
CA,3,20,3814,1677
CA,3,21,2449,1186
CA,3,22,2402,1040
CA,3,23,2088,802
CA,4,0,1929,774
CA,4,1,1625,557
CA,4,2,1826,671
CA,4,3,1480,576
CA,4,4,2468,770
CA,4,5,3557,1091
CA,4,6,4815,1467
CA,4,7,5820,1702
CA,4,8,6163,1972
CA,4,9,5079,1819
CA,4,10,4594,1818
CA,4,11,5260,2005
CA,4,12,3889,1761
CA,4,13,4902,1981
CA,4,14,5390,2203
CA,4,15,5762,2429
CA,4,16,6000,2377
CA,4,17,6411,2672
CA,4,18,5950,2588
CA,4,19,4719,2101
CA,4,20,3956,1832
CA,4,21,2695,1328
CA,4,22,1993,1033
CA,4,23,1578,889
CA,5,0,1463,790
CA,5,1,1094,625
CA,5,2,1450,788
CA,5,3,1115,653
CA,5,4,2174,970
CA,5,5,2240,960
CA,5,6,2490,1068
CA,5,7,2447,991
CA,5,8,2685,1154
CA,5,9,3099,1332
CA,5,10,3810,1780
CA,5,11,4318,2065
CA,5,12,3445,1929
CA,5,13,3508,1928
CA,5,14,3114,1654
CA,5,15,2956,1593
CA,5,16,2896,1502
CA,5,17,2359,1171
CA,5,18,2337,1191
CA,5,19,1934,961
CA,5,20,1653,818
CA,5,21,1904,905
CA,5,22,1351,728
CA,5,23,1166,633
CA,6,0,1346,728
CA,6,1,1330,731
CA,6,2,1434,857
CA,6,3,1197,686
CA,6,4,2074,951
CA,6,5,2144,954
CA,6,6,2416,1062
CA,6,7,2251,945
CA,6,8,2231,951
CA,6,9,2466,960
CA,6,10,3010,1297
CA,6,11,3579,1511
CA,6,12,2749,1406
CA,6,13,3049,1606
CA,6,14,2768,1320
CA,6,15,2562,1329
CA,6,16,2588,1332
CA,6,17,2026,1011
CA,6,18,1997,1030
CA,6,19,1812,881
CA,6,20,1470,759
CA,6,21,1826,913
CA,6,22,1353,612
CA,6,23,1868,734
CO,0,0,21,15
CO,0,1,95,28
CO,0,2,89,31
CO,0,3,54,17
CO,0,4,134,41
CO,0,5,355,124
CO,0,6,891,284
CO,0,7,1490,326
CO,0,8,1515,304
CO,0,9,733,168
CO,0,10,136,74
CO,0,11,167,106
CO,0,12,152,88
CO,0,13,203,118
CO,0,14,203,141
CO,0,15,270,172
CO,0,16,287,171
CO,0,17,285,181
CO,0,18,191,139
CO,0,19,59,44
CO,0,20,36,26
CO,0,21,22,15
CO,0,22,27,21
CO,0,23,2,2
CO,1,0,8,4
CO,1,1,79,35
CO,1,2,55,13
CO,1,3,50,12
CO,1,4,111,39
CO,1,5,330,118
CO,1,6,966,318
CO,1,7,1744,362
CO,1,8,1708,328
CO,1,9,805,152
CO,1,10,135,79
CO,1,11,161,97
CO,1,12,167,98
CO,1,13,191,130
CO,1,14,176,112
CO,1,15,259,156
CO,1,16,296,176
CO,1,17,313,191
CO,1,18,211,157
CO,1,19,62,53
CO,1,20,36,31
CO,1,21,30,23
CO,1,22,25,19
CO,1,23,6,3
CO,2,0,14,6
CO,2,1,60,25
CO,2,2,61,14
CO,2,3,41,11
CO,2,4,107,33
CO,2,5,293,84
CO,2,6,920,300
CO,2,7,1686,346
CO,2,8,1730,322
CO,2,9,760,153
CO,2,10,155,100
CO,2,11,182,118
CO,2,12,151,98
CO,2,13,171,109
CO,2,14,198,129
CO,2,15,313,208
CO,2,16,323,195
CO,2,17,325,206
CO,2,18,238,168
CO,2,19,68,54
CO,2,20,38,30
CO,2,21,48,34
CO,2,22,39,29
CO,2,23,7,5
CO,3,0,17,8
CO,3,1,84,26
CO,3,2,75,14
CO,3,3,51,15
CO,3,4,133,39
CO,3,5,363,119
CO,3,6,1000,311
CO,3,7,1614,344
CO,3,8,1723,320
CO,3,9,767,159
CO,3,10,155,104
CO,3,11,188,125
CO,3,12,159,104
CO,3,13,185,141
CO,3,14,207,151
CO,3,15,234,155
CO,3,16,301,214
CO,3,17,296,194
CO,3,18,236,171
CO,3,19,90,72
CO,3,20,52,39
CO,3,21,50,33
CO,3,22,36,33
CO,3,23,10,6
CO,4,0,18,12
CO,4,1,112,35
CO,4,2,136,38
CO,4,3,79,30
CO,4,4,144,45
CO,4,5,351,96
CO,4,6,827,243
CO,4,7,1316,267
CO,4,8,1338,244
CO,4,9,713,130
CO,4,10,150,109
CO,4,11,211,160
CO,4,12,204,149
CO,4,13,231,183
CO,4,14,303,226
CO,4,15,351,244
CO,4,16,351,250
CO,4,17,338,234
CO,4,18,243,201
CO,4,19,95,80
CO,4,20,63,53
CO,4,21,32,27
CO,4,22,61,51
CO,4,23,23,19
CO,5,0,13,10
CO,5,1,11,10
CO,5,2,20,16
CO,5,3,9,7
CO,5,4,13,13
CO,5,5,36,29
CO,5,6,61,50
CO,5,7,54,44
CO,5,8,69,48
CO,5,9,56,42
CO,5,10,121,105
CO,5,11,163,143
CO,5,12,212,175
CO,5,13,208,175
CO,5,14,200,174
CO,5,15,141,120
CO,5,16,136,111
CO,5,17,136,124
CO,5,18,115,102
CO,5,19,73,62
CO,5,20,73,64
CO,5,21,30,18
CO,5,22,27,20
CO,5,23,28,23
CO,6,0,12,9
CO,6,1,14,12
CO,6,2,25,22
CO,6,3,17,14
CO,6,4,15,14
CO,6,5,27,25
CO,6,6,21,18
CO,6,7,50,43
CO,6,8,48,34
CO,6,9,52,46
CO,6,10,86,67
CO,6,11,109,88
CO,6,12,159,133
CO,6,13,119,108
CO,6,14,121,106
CO,6,15,118,98
CO,6,16,102,80
CO,6,17,96,87
CO,6,18,90,72
CO,6,19,57,50
CO,6,20,72,65
CO,6,21,19,17
CO,6,22,20,18
CO,6,23,16,13
CT,0,0,3,2
CT,0,1,24,19
CT,0,2,11,9
CT,0,3,8,8
CT,0,4,85,58
CT,0,5,108,56
CT,0,6,250,125
CT,0,7,437,209
CT,0,8,470,244
CT,0,9,137,81
CT,0,10,140,76
CT,0,11,153,77
CT,0,12,114,78
CT,0,13,186,111
CT,0,14,216,159
CT,0,15,236,160
CT,0,16,270,177
CT,0,17,273,198
CT,0,18,171,113
CT,0,19,103,72
CT,0,20,83,56
CT,0,21,56,46
CT,0,22,31,27
CT,0,23,10,7
CT,1,1,10,9
CT,1,2,7,6
CT,1,3,9,6
CT,1,4,60,36
CT,1,5,119,78
CT,1,6,249,141
CT,1,7,518,268
CT,1,8,550,280
CT,1,9,157,77
CT,1,10,169,110
CT,1,11,165,87
CT,1,12,139,105
CT,1,13,168,110
CT,1,14,203,134
CT,1,15,227,155
CT,1,16,292,207
CT,1,17,299,197
CT,1,18,178,127
CT,1,19,93,68
CT,1,20,56,45
CT,1,21,76,54
CT,1,22,46,40
CT,1,23,12,8
CT,2,0,2,1
CT,2,1,15,12
CT,2,2,11,7
CT,2,3,3,2
CT,2,4,56,34
CT,2,5,86,48
CT,2,6,263,151
CT,2,7,497,271
CT,2,8,522,272
CT,2,9,148,71
CT,2,10,174,101
CT,2,11,196,106
CT,2,12,143,99
CT,2,13,186,125
CT,2,14,187,121
CT,2,15,247,181
CT,2,16,275,200
CT,2,17,293,203
CT,2,18,207,147
CT,2,19,112,79
CT,2,20,55,37
CT,2,21,58,43
CT,2,22,41,37
CT,2,23,12,9
CT,3,0,2,2
CT,3,1,12,9
CT,3,2,11,10
CT,3,4,62,38
CT,3,5,103,64
CT,3,6,272,168
CT,3,7,469,261
CT,3,8,520,262
CT,3,9,163,92
CT,3,10,147,84
CT,3,11,146,79
CT,3,12,144,90
CT,3,13,167,105
CT,3,14,227,147
CT,3,15,255,181
CT,3,16,374,257
CT,3,17,365,239
CT,3,18,251,164
CT,3,19,135,89
CT,3,20,64,51
CT,3,21,60,52
CT,3,22,42,33
CT,3,23,14,12
CT,4,1,19,17
CT,4,2,8,7
CT,4,3,7,5
CT,4,4,65,38
CT,4,5,93,48
CT,4,6,204,116
CT,4,7,373,190
CT,4,8,398,173
CT,4,9,112,59
CT,4,10,167,92
CT,4,11,178,75
CT,4,12,165,115
CT,4,13,217,136
CT,4,14,288,183
CT,4,15,353,259
CT,4,16,402,280
CT,4,17,422,289
CT,4,18,301,220
CT,4,19,154,100
CT,4,20,104,71
CT,4,21,80,65
CT,4,22,61,45
CT,4,23,18,13
CT,5,0,1,0
CT,5,1,2,2
CT,5,2,3,3
CT,5,3,1,1
CT,5,5,1,1
CT,5,6,3,2
CT,5,7,52,40
CT,5,8,63,49
CT,5,9,46,30
CT,5,10,76,51
CT,5,11,86,65
CT,5,12,104,75
CT,5,13,109,74
CT,5,14,116,90
CT,5,15,158,119
CT,5,16,149,116
CT,5,17,126,98
CT,5,18,102,84
CT,5,19,71,56
CT,5,20,44,33
CT,5,21,65,54
CT,5,22,67,60
CT,5,23,4,2
CT,6,0,1,1
CT,6,1,3,3
CT,6,2,5,3
CT,6,4,1,1
CT,6,5,2,2
CT,6,6,3,3
CT,6,7,67,54
CT,6,8,53,36
CT,6,9,58,44
CT,6,10,45,30
CT,6,11,69,48
CT,6,12,113,81
CT,6,13,88,52
CT,6,14,119,76
CT,6,15,94,73
CT,6,16,105,84
CT,6,17,87,70
CT,6,18,90,73
CT,6,19,68,54
CT,6,20,62,52
CT,6,21,64,50
CT,6,22,57,46
CT,6,23,1,1
DC,0,4,37,5
DC,0,5,52,13
DC,0,6,89,18
DC,0,7,118,23
DC,0,8,142,20
DC,0,9,37,5
DC,0,10,29,5
DC,0,11,15,2
DC,0,12,3,2
DC,0,13,8,5
DC,0,14,16,10
DC,0,15,11,3
DC,0,16,10,7
DC,0,17,21,5
DC,0,18,12,2
DC,0,19,7,2
DC,0,20,4,3
DC,0,21,10,3
DC,0,22,3,0
DC,1,4,32,8
DC,1,5,50,10
DC,1,6,111,19
DC,1,7,159,29
DC,1,8,204,17
DC,1,9,42,9
DC,1,10,32,5
DC,1,11,21,6
DC,1,12,4,0
DC,1,13,4,1
DC,1,14,16,9
DC,1,15,11,8
DC,1,16,9,5
DC,1,17,14,4
DC,1,18,12,3
DC,1,19,11,7
DC,1,20,7,4
DC,1,21,4,1
DC,1,22,7,0
DC,1,23,2,0
DC,2,3,1,1
DC,2,4,20,1
DC,2,5,51,8
DC,2,6,104,21
DC,2,7,166,26
DC,2,8,162,21
DC,2,9,45,13
DC,2,10,31,9
DC,2,11,26,6
DC,2,12,5,3
DC,2,13,7,4
DC,2,14,23,9
DC,2,15,14,7
DC,2,16,12,7
DC,2,17,17,3
DC,2,18,25,7
DC,2,19,11,5
DC,2,20,12,8
DC,2,21,4,1
DC,2,22,8,1
DC,3,4,25,3
DC,3,5,55,7
DC,3,6,127,17
DC,3,7,155,20
DC,3,8,178,18
DC,3,9,37,6
DC,3,10,41,8
DC,3,11,16,2
DC,3,12,4,0
DC,3,13,3,1
DC,3,14,18,11
DC,3,15,15,6
DC,3,16,15,6
DC,3,17,25,4
DC,3,18,13,3
DC,3,19,6,2
DC,3,20,13,2
DC,3,21,9,3
DC,3,22,3,1
DC,4,4,34,1
DC,4,5,43,7
DC,4,6,97,19
DC,4,7,131,17
DC,4,8,133,13
DC,4,9,35,4
DC,4,10,36,6
DC,4,11,15,0
DC,4,12,5,2
DC,4,13,12,10
DC,4,14,14,5
DC,4,15,7,4
DC,4,16,8,5
DC,4,17,20,4
DC,4,18,17,5
DC,4,19,4,0
DC,4,20,11,2
DC,4,21,7,0
DC,4,22,5,1
DC,5,6,2,1
DC,5,7,3,2
DC,5,8,4,3
DC,5,9,11,3
DC,5,10,4,3
DC,5,11,8,2
DC,5,12,6,3
DC,5,13,7,4
DC,5,14,6,2
DC,5,15,4,2
DC,5,16,3,1
DC,5,17,4,3
DC,5,18,3,1
DC,5,19,1,1
DC,5,20,2,2
DC,5,21,2,2
DC,5,22,3,2
DC,6,7,3,1
DC,6,8,6,2
DC,6,9,9,2
DC,6,10,10,6
DC,6,11,10,3
DC,6,12,5,3
DC,6,13,5,1
DC,6,14,8,6
DC,6,15,3,3
DC,6,16,2,1
DC,6,17,4,3
DC,6,18,3,3
DC,6,19,4,3
DC,6,20,1,1
DC,6,21,1,1
DC,6,22,2,2
DE,0,1,1,1
DE,0,4,29,1
DE,0,5,29,4
DE,0,6,103,13
DE,0,7,203,5
DE,0,8,257,13
DE,0,9,45,1
DE,0,10,130,1
DE,0,11,116,0
DE,0,12,30,3
DE,0,13,32,3
DE,0,14,25,4
DE,0,15,14,1
DE,0,16,28,1
DE,0,17,56,4
DE,0,18,37,4
DE,0,19,41,2
DE,0,20,25,0
DE,0,21,22,2
DE,0,22,22,1
DE,1,2,1,1
DE,1,4,27,2
DE,1,5,24,3
DE,1,6,101,6
DE,1,7,176,11
DE,1,8,233,8
DE,1,9,52,3
DE,1,10,113,2
DE,1,11,107,0
DE,1,12,31,1
DE,1,13,26,1
DE,1,14,25,1
DE,1,15,15,1
DE,1,16,17,0
DE,1,17,61,3
DE,1,18,26,2
DE,1,19,44,5
DE,1,20,39,0
DE,1,21,11,0
DE,1,22,23,0
DE,1,23,1,0
DE,2,3,2,0
DE,2,4,26,2
DE,2,5,39,0
DE,2,6,129,9
DE,2,7,241,4
DE,2,8,281,5
DE,2,9,37,2
DE,2,10,126,2
DE,2,11,126,7
DE,2,12,23,2
DE,2,13,24,2
DE,2,14,27,0
DE,2,15,15,1
DE,2,16,31,3
DE,2,17,68,5
DE,2,18,19,0
DE,2,19,34,0
DE,2,20,29,0
DE,2,21,8,1
DE,2,22,15,0
DE,2,23,2,0
DE,3,4,34,0
DE,3,5,36,4
DE,3,6,91,6
DE,3,7,209,5
DE,3,8,246,10
DE,3,9,41,0
DE,3,10,113,2
DE,3,11,104,1
DE,3,12,28,1
DE,3,13,38,1
DE,3,14,31,1
DE,3,15,18,1
DE,3,16,32,3
DE,3,17,52,1
DE,3,18,28,1
DE,3,19,32,0
DE,3,20,24,1
DE,3,21,16,1
DE,3,22,11,2
DE,4,4,42,3
DE,4,5,34,2
DE,4,6,85,4
DE,4,7,180,6
DE,4,8,250,9
DE,4,9,39,2
DE,4,10,94,3
DE,4,11,117,5
DE,4,12,30,2
DE,4,13,39,2
DE,4,14,29,0
DE,4,15,27,2
DE,4,16,42,1
DE,4,17,64,5
DE,4,18,58,2
DE,4,19,51,0
DE,4,20,36,2
DE,4,21,9,2
DE,4,22,23,3
DE,5,0,2,2
DE,5,6,1,0
DE,5,7,5,1
DE,5,8,6,0
DE,5,9,10,4
DE,5,10,7,2
DE,5,11,6,0
DE,5,12,9,3
DE,5,13,11,3
DE,5,14,4,1
DE,5,15,13,8
DE,5,16,4,2
DE,5,17,8,1
DE,5,18,15,2
DE,5,19,5,0
DE,5,20,3,1
DE,5,21,4,1
DE,5,22,2,1
DE,6,7,5,2
DE,6,8,5,2
DE,6,9,5,2
DE,6,10,10,2
DE,6,11,8,1
DE,6,12,9,3
DE,6,13,13,3
DE,6,14,7,2
DE,6,15,5,2
DE,6,16,4,2
DE,6,17,5,2
DE,6,18,7,4
DE,6,19,6,2
DE,6,20,11,4
DE,6,21,2,0
DE,6,22,5,2
FL,0,0,8,8
FL,0,1,9,9
FL,0,2,21,14
FL,0,3,85,14
FL,0,4,1937,553
FL,0,5,2048,590
FL,0,6,5062,1289
FL,0,7,6973,1551
FL,0,8,7565,1640
FL,0,9,3237,908
FL,0,10,2372,698
FL,0,11,2284,674
FL,0,12,1913,624
FL,0,13,1807,719
FL,0,14,1861,690
FL,0,15,1882,842
FL,0,16,2301,960
FL,0,17,2523,1015
FL,0,18,2043,860
FL,0,19,1562,632
FL,0,20,1254,496
FL,0,21,686,354
FL,0,22,541,286
FL,0,23,60,38
FL,1,0,7,6
FL,1,1,3,2
FL,1,2,14,13
FL,1,3,86,9
FL,1,4,1551,413
FL,1,5,1710,447
FL,1,6,5162,1184
FL,1,7,8133,1769
FL,1,8,8602,1842
FL,1,9,3370,929
FL,1,10,2373,717
FL,1,11,2318,656
FL,1,12,1990,580
FL,1,13,1763,621
FL,1,14,1853,702
FL,1,15,1667,713
FL,1,16,2372,971
FL,1,17,2530,980
FL,1,18,2003,837
FL,1,19,1490,617
FL,1,20,1272,516
FL,1,21,749,360
FL,1,22,547,283
FL,1,23,51,36
FL,2,0,6,6
FL,2,1,10,7
FL,2,2,5,4
FL,2,3,96,11
FL,2,4,1685,436
FL,2,5,1869,465
FL,2,6,5155,1189
FL,2,7,7793,1631
FL,2,8,8193,1668
FL,2,9,3360,951
FL,2,10,2408,739
FL,2,11,2288,632
FL,2,12,1974,646
FL,2,13,1729,583
FL,2,14,1766,647
FL,2,15,1692,772
FL,2,16,2277,895
FL,2,17,2516,997
FL,2,18,2167,883
FL,2,19,1480,633
FL,2,20,1245,491
FL,2,21,746,371
FL,2,22,545,287
FL,2,23,43,34
FL,3,0,8,6
FL,3,1,10,6
FL,3,2,5,3
FL,3,3,80,9
FL,3,4,1837,477
FL,3,5,1867,511
FL,3,6,5010,1108
FL,3,7,7413,1546
FL,3,8,7731,1618
FL,3,9,3108,886
FL,3,10,2342,725
FL,3,11,2247,645
FL,3,12,2049,652
FL,3,13,1781,650
FL,3,14,1863,694
FL,3,15,1721,769
FL,3,16,2402,970
FL,3,17,2498,1017
FL,3,18,2128,904
FL,3,19,1514,659
FL,3,20,1285,526
FL,3,21,753,363
FL,3,22,575,333
FL,3,23,35,26
FL,4,0,3,3
FL,4,1,9,9
FL,4,2,5,5
FL,4,3,101,21
FL,4,4,2018,558
FL,4,5,2050,598
FL,4,6,4715,1168
FL,4,7,6679,1442
FL,4,8,6759,1370
FL,4,9,2893,842
FL,4,10,2258,703
FL,4,11,2378,746
FL,4,12,2053,709
FL,4,13,1917,841
FL,4,14,1971,814
FL,4,15,1990,913
FL,4,16,2652,1180
FL,4,17,2592,1119
FL,4,18,2037,876
FL,4,19,1659,764
FL,4,20,1469,732
FL,4,21,857,472
FL,4,22,700,414
FL,4,23,84,53
FL,5,0,19,15
FL,5,1,10,10
FL,5,2,9,9
FL,5,3,7,5
FL,5,4,6,6
FL,5,5,8,8
FL,5,6,30,22
FL,5,7,762,505
FL,5,8,593,335
FL,5,9,892,471
FL,5,10,927,544
FL,5,11,1022,574
FL,5,12,1030,606
FL,5,13,1103,634
FL,5,14,1065,620
FL,5,15,1024,649
FL,5,16,1071,675
FL,5,17,620,447
FL,5,18,567,393
FL,5,19,672,471
FL,5,20,500,345
FL,5,21,451,313
FL,5,22,421,314
FL,5,23,24,20
FL,6,0,15,13
FL,6,1,13,12
FL,6,2,15,13
FL,6,3,10,8
FL,6,4,7,7
FL,6,5,11,10
FL,6,6,27,21
FL,6,7,718,510
FL,6,8,462,289
FL,6,9,590,351
FL,6,10,673,391
FL,6,11,761,450
FL,6,12,883,546
FL,6,13,918,599
FL,6,14,925,589
FL,6,15,945,642
FL,6,16,960,663
FL,6,17,583,394
FL,6,18,630,412
FL,6,19,683,463
FL,6,20,446,324
FL,6,21,431,294
FL,6,22,429,315
FL,6,23,28,24
GA,0,0,5,4
GA,0,1,5,4
GA,0,2,6,6
GA,0,3,13,11
GA,0,4,376,196
GA,0,5,461,235
GA,0,6,1120,581
GA,0,7,1741,676
GA,0,8,1691,610
GA,0,9,680,408
GA,0,10,765,355
GA,0,11,667,312
GA,0,12,802,405
GA,0,13,613,403
GA,0,14,666,480
GA,0,15,733,537
GA,0,16,1010,677
GA,0,17,1089,727
GA,0,18,873,562
GA,0,19,701,435
GA,0,20,470,294
GA,0,21,231,182
GA,0,22,199,166
GA,0,23,36,31
GA,1,0,12,10
GA,1,1,4,4
GA,1,2,15,14
GA,1,3,19,14
GA,1,4,376,183
GA,1,5,486,209
GA,1,6,1173,590
GA,1,7,2076,844
GA,1,8,2044,727
GA,1,9,798,487
GA,1,10,1004,483
GA,1,11,727,369
GA,1,12,837,407
GA,1,13,651,439
GA,1,14,678,458
GA,1,15,747,521
GA,1,16,1096,742
GA,1,17,1157,737
GA,1,18,911,611
GA,1,19,690,446
GA,1,20,495,296
GA,1,21,292,229
GA,1,22,226,185
GA,1,23,23,22
GA,2,0,9,8
GA,2,1,8,8
GA,2,2,11,10
GA,2,3,28,16
GA,2,4,430,236
GA,2,5,415,191
GA,2,6,1271,605
GA,2,7,2062,779
GA,2,8,1944,708
GA,2,9,804,513
GA,2,10,963,461
GA,2,11,702,358
GA,2,12,860,406
GA,2,13,607,422
GA,2,14,661,487
GA,2,15,777,538
GA,2,16,1048,711
GA,2,17,1116,699
GA,2,18,928,587
GA,2,19,764,486
GA,2,20,567,373
GA,2,21,275,211
GA,2,22,251,198
GA,2,23,27,22
GA,3,0,11,11
GA,3,1,2,2
GA,3,2,4,4
GA,3,3,21,13
GA,3,4,423,217
GA,3,5,454,227
GA,3,6,1212,593
GA,3,7,1847,701
GA,3,8,1918,651
GA,3,9,748,460
GA,3,10,907,457
GA,3,11,691,336
GA,3,12,836,428
GA,3,13,625,466
GA,3,14,710,521
GA,3,15,716,530
GA,3,16,1109,768
GA,3,17,1214,737
GA,3,18,931,571
GA,3,19,776,494
GA,3,20,608,371
GA,3,21,295,236
GA,3,22,257,216
GA,3,23,33,26
GA,4,0,9,9
GA,4,1,3,3
GA,4,2,5,5
GA,4,3,11,8
GA,4,4,486,265
GA,4,5,425,222
GA,4,6,1030,528
GA,4,7,1694,663
GA,4,8,1606,585
GA,4,9,678,414
GA,4,10,877,434
GA,4,11,810,442
GA,4,12,983,528
GA,4,13,741,543
GA,4,14,820,615
GA,4,15,886,657
GA,4,16,1121,791
GA,4,17,1087,713
GA,4,18,1045,698
GA,4,19,881,599
GA,4,20,637,428
GA,4,21,353,291
GA,4,22,315,259
GA,4,23,29,24
GA,5,0,10,7
GA,5,1,1,1
GA,5,2,2,2
GA,5,3,12,12
GA,5,4,8,8
GA,5,5,10,10
GA,5,6,6,6
GA,5,7,329,288
GA,5,8,267,227
GA,5,9,331,271
GA,5,10,367,280
GA,5,11,457,368
GA,5,12,596,488
GA,5,13,560,455
GA,5,14,578,496
GA,5,15,589,516
GA,5,16,573,497
GA,5,17,403,359
GA,5,18,414,374
GA,5,19,397,340
GA,5,20,339,289
GA,5,21,324,282
GA,5,22,260,233
GA,5,23,6,6
GA,6,0,6,6
GA,6,1,8,8
GA,6,2,10,10
GA,6,3,9,8
GA,6,4,9,9
GA,6,5,4,4
GA,6,6,14,14
GA,6,7,286,241
GA,6,8,188,153
GA,6,9,231,177
GA,6,10,250,220
GA,6,11,373,311
GA,6,12,409,318
GA,6,13,466,392
GA,6,14,518,431
GA,6,15,530,473
GA,6,16,466,417
GA,6,17,353,320
GA,6,18,382,348
GA,6,19,320,294
GA,6,20,274,245
GA,6,21,261,225
GA,6,22,203,186
GA,6,23,4,4
IA,0,1,2,2
IA,0,2,2,2
IA,0,3,18,10
IA,0,4,43,22
IA,0,5,61,19
IA,0,6,167,50
IA,0,7,270,98
IA,0,8,165,105
IA,0,9,89,54
IA,0,10,72,37
IA,0,11,62,36
IA,0,12,71,51
IA,0,13,80,61
IA,0,14,54,36
IA,0,15,102,56
IA,0,16,222,113
IA,0,17,285,156
IA,0,18,157,75
IA,0,19,67,57
IA,0,20,36,30
IA,0,21,17,14
IA,0,22,16,11
IA,0,23,5,5
IA,1,2,2,1
IA,1,3,1,1
IA,1,4,39,9
IA,1,5,70,31
IA,1,6,157,61
IA,1,7,294,100
IA,1,8,152,91
IA,1,9,105,62
IA,1,10,80,38
IA,1,11,57,36
IA,1,12,64,45
IA,1,13,51,37
IA,1,14,42,29
IA,1,15,112,69
IA,1,16,194,112
IA,1,17,275,142
IA,1,18,169,83
IA,1,19,52,35
IA,1,20,34,24
IA,1,21,18,17
IA,1,22,12,9
IA,1,23,3,3
IA,2,2,1,1
IA,2,3,11,8
IA,2,4,48,25
IA,2,5,61,25
IA,2,6,164,52
IA,2,7,249,94
IA,2,8,128,76
IA,2,9,96,63
IA,2,10,72,45
IA,2,11,57,28
IA,2,12,87,62
IA,2,13,79,50
IA,2,14,54,34
IA,2,15,113,72
IA,2,16,199,107
IA,2,17,309,152
IA,2,18,210,97
IA,2,19,64,48
IA,2,20,34,26
IA,2,21,20,13
IA,2,22,18,13
IA,2,23,3,2
IA,3,0,3,3
IA,3,2,8,8
IA,3,3,9,9
IA,3,4,40,21
IA,3,5,75,27
IA,3,6,143,43
IA,3,7,240,90
IA,3,8,126,75
IA,3,9,113,77
IA,3,10,81,41
IA,3,11,73,41
IA,3,12,80,56
IA,3,13,59,36
IA,3,14,47,32
IA,3,15,120,66
IA,3,16,248,148
IA,3,17,299,161
IA,3,18,174,95
IA,3,19,55,41
IA,3,20,28,17
IA,3,21,19,15
IA,3,22,12,10
IA,3,23,2,2
IA,4,1,1,0
IA,4,3,11,6
IA,4,4,44,19
IA,4,5,58,31
IA,4,6,158,42
IA,4,7,242,67
IA,4,8,115,63
IA,4,9,103,61
IA,4,10,86,38
IA,4,11,73,43
IA,4,12,73,54
IA,4,13,93,75
IA,4,14,53,39
IA,4,15,135,96
IA,4,16,262,163
IA,4,17,327,174
IA,4,18,194,97
IA,4,19,59,44
IA,4,20,33,25
IA,4,21,31,25
IA,4,22,15,12
IA,4,23,1,1
IA,5,1,1,1
IA,5,2,2,2
IA,5,3,2,2
IA,5,5,1,1
IA,5,6,35,33
IA,5,7,41,36
IA,5,8,51,42
IA,5,9,47,36
IA,5,10,57,43
IA,5,11,56,46
IA,5,12,53,35
IA,5,13,61,47
IA,5,14,45,39
IA,5,15,54,43
IA,5,16,38,31
IA,5,17,26,18
IA,5,18,36,23
IA,5,19,27,21
IA,5,20,28,24
IA,5,21,11,6
IA,5,22,3,2
IA,6,2,1,1
IA,6,5,2,2
IA,6,6,35,32
IA,6,7,29,21
IA,6,8,22,19
IA,6,9,37,29
IA,6,10,50,39
IA,6,11,59,54
IA,6,12,51,42
IA,6,13,55,42
IA,6,14,41,29
IA,6,15,60,50
IA,6,16,34,25
IA,6,17,33,26
IA,6,18,35,30
IA,6,19,19,16
IA,6,20,21,18
IA,6,21,25,17
IA,6,22,11,9
IA,6,23,1,1
ID,0,0,2,1
ID,0,1,1,1
ID,0,5,3,2
ID,0,6,1,0
ID,0,7,6,2
ID,0,8,7,4
ID,0,9,2,2
ID,0,10,1,0
ID,0,11,2,1
ID,0,12,1,1
ID,0,13,1,1
ID,0,15,1,0
ID,0,17,1,0
ID,0,18,1,1
ID,0,19,2,0
ID,0,20,2,1
ID,0,23,1,1
ID,1,0,3,3
ID,1,1,2,2
ID,1,4,1,0
ID,1,6,3,3
ID,1,7,9,1
ID,1,8,9,3
ID,1,9,6,5
ID,1,10,1,1
ID,1,11,1,1
ID,1,15,1,1
ID,1,16,2,1
ID,1,17,3,3
ID,1,18,2,2
ID,1,19,1,1
ID,1,23,1,1
ID,2,0,1,1
ID,2,1,1,1
ID,2,2,2,1
ID,2,3,1,1
ID,2,4,1,0
ID,2,5,2,0
ID,2,6,4,1
ID,2,7,7,3
ID,2,8,7,5
ID,2,9,6,3
ID,2,11,1,0
ID,2,12,2,1
ID,2,14,1,0
ID,2,15,5,2
ID,2,16,2,2
ID,2,17,2,2
ID,2,22,2,2
ID,3,0,1,0
ID,3,1,1,1
ID,3,2,1,1
ID,3,4,1,1
ID,3,5,3,3
ID,3,6,5,1
ID,3,7,4,3
ID,3,8,11,4
ID,3,9,1,0
ID,3,13,2,2
ID,3,14,1,1
ID,3,15,2,0
ID,3,16,1,1
ID,3,19,2,1
ID,4,0,4,3
ID,4,2,6,6
ID,4,3,1,1
ID,4,6,4,1
ID,4,7,5,2
ID,4,8,9,2
ID,4,10,2,2
ID,4,11,2,0
ID,4,12,4,2
ID,4,13,4,2
ID,4,14,1,1
ID,4,15,1,0
ID,4,16,5,4
ID,4,17,2,2
ID,4,18,1,1
ID,4,20,3,2
ID,4,21,2,2
ID,4,22,1,1
ID,5,12,1,0
ID,5,13,1,1
ID,5,16,1,0
ID,6,9,2,0
ID,6,10,1,0
ID,6,11,2,2
ID,6,23,1,0
IL,0,0,58,49
IL,0,1,42,41
IL,0,2,40,35
IL,0,3,250,112
IL,0,4,570,235
IL,0,5,758,292
IL,0,6,1469,431
IL,0,7,2346,547
IL,0,8,2494,590
IL,0,9,832,245
IL,0,10,833,277
IL,0,11,814,284
IL,0,12,530,154
IL,0,13,528,148
IL,0,14,506,169
IL,0,15,1113,398
IL,0,16,1254,367
IL,0,17,969,295
IL,0,18,1043,331
IL,0,19,533,192
IL,0,20,363,172
IL,0,21,220,157
IL,0,22,211,137
IL,0,23,42,36
IL,1,0,47,41
IL,1,1,43,41
IL,1,2,49,45
IL,1,3,231,107
IL,1,4,461,196
IL,1,5,653,289
IL,1,6,1572,468
IL,1,7,2687,666
IL,1,8,2979,730
IL,1,9,903,271
IL,1,10,890,294
IL,1,11,839,274
IL,1,12,460,93
IL,1,13,514,131
IL,1,14,510,139
IL,1,15,1101,404
IL,1,16,1211,378
IL,1,17,1009,283
IL,1,18,1071,335
IL,1,19,561,192
IL,1,20,341,175
IL,1,21,220,141
IL,1,22,179,122
IL,1,23,68,54
IL,2,0,64,57
IL,2,1,68,60
IL,2,2,47,44
IL,2,3,264,132
IL,2,4,512,255
IL,2,5,774,344
IL,2,6,1655,578
IL,2,7,2561,681
IL,2,8,2738,682
IL,2,9,901,252
IL,2,10,943,332
IL,2,11,861,337
IL,2,12,503,126
IL,2,13,533,148
IL,2,14,509,130
IL,2,15,1080,386
IL,2,16,1232,354
IL,2,17,1003,273
IL,2,18,1040,347
IL,2,19,509,161
IL,2,20,297,126
IL,2,21,200,134
IL,2,22,166,109
IL,2,23,63,55
IL,3,0,60,56
IL,3,1,45,43
IL,3,2,43,38
IL,3,3,260,134
IL,3,4,491,227
IL,3,5,712,313
IL,3,6,1418,425
IL,3,7,2346,608
IL,3,8,2542,591
IL,3,9,809,265
IL,3,10,822,289
IL,3,11,887,294
IL,3,12,485,102
IL,3,13,521,148
IL,3,14,487,150
IL,3,15,1061,343
IL,3,16,1179,354
IL,3,17,923,252
IL,3,18,944,314
IL,3,19,557,195
IL,3,20,319,143
IL,3,21,197,120
IL,3,22,173,129
IL,3,23,55,43
IL,4,0,58,56
IL,4,1,79,68
IL,4,2,78,74
IL,4,3,285,150
IL,4,4,672,314
IL,4,5,730,345
IL,4,6,1347,472
IL,4,7,2106,521
IL,4,8,2347,576
IL,4,9,749,208
IL,4,10,878,299
IL,4,11,891,299
IL,4,12,562,154
IL,4,13,640,207
IL,4,14,514,163
IL,4,15,1018,369
IL,4,16,1273,435
IL,4,17,924,307
IL,4,18,1033,342
IL,4,19,540,214
IL,4,20,347,181
IL,4,21,219,158
IL,4,22,183,123
IL,4,23,72,54
IL,5,0,92,71
IL,5,1,90,79
IL,5,2,106,93
IL,5,3,96,81
IL,5,4,104,90
IL,5,5,97,87
IL,5,6,308,291
IL,5,7,242,223
IL,5,8,246,211
IL,5,9,279,237
IL,5,10,267,223
IL,5,11,352,298
IL,5,12,338,280
IL,5,13,414,359
IL,5,14,247,184
IL,5,15,226,173
IL,5,16,186,134
IL,5,17,172,137
IL,5,18,152,125
IL,5,19,148,123
IL,5,20,132,99
IL,5,21,109,80
IL,5,22,127,85
IL,5,23,131,79
IL,6,0,109,91
IL,6,1,122,108
IL,6,2,106,89
IL,6,3,111,97
IL,6,4,136,125
IL,6,5,98,87
IL,6,6,331,315
IL,6,7,229,211
IL,6,8,212,187
IL,6,9,229,202
IL,6,10,208,176
IL,6,11,247,214
IL,6,12,294,266
IL,6,13,351,316
IL,6,14,214,162
IL,6,15,219,168
IL,6,16,175,128
IL,6,17,188,148
IL,6,18,136,120
IL,6,19,150,126
IL,6,20,120,98
IL,6,21,125,90
IL,6,22,67,44
IL,6,23,84,57
IN,0,0,1,1
IN,0,1,3,3
IN,0,2,3,3
IN,0,3,11,11
IN,0,4,148,41
IN,0,5,217,62
IN,0,6,470,127
IN,0,7,875,199
IN,0,8,893,196
IN,0,9,222,67
IN,0,10,299,76
IN,0,11,238,73
IN,0,12,208,86
IN,0,13,150,89
IN,0,14,181,100
IN,0,15,174,102
IN,0,16,449,176
IN,0,17,406,180
IN,0,18,235,107
IN,0,19,129,76
IN,0,20,54,46
IN,0,21,42,35
IN,0,22,24,21
IN,0,23,9,8
IN,1,0,3,2
IN,1,1,1,1
IN,1,2,1,1
IN,1,3,8,8
IN,1,4,170,72
IN,1,5,230,57
IN,1,6,546,127
IN,1,7,978,225
IN,1,8,1050,222
IN,1,9,262,104
IN,1,10,248,68
IN,1,11,246,71
IN,1,12,199,80
IN,1,13,150,80
IN,1,14,187,119
IN,1,15,190,130
IN,1,16,456,200
IN,1,17,463,217
IN,1,18,276,128
IN,1,19,133,70
IN,1,20,78,64
IN,1,21,57,48
IN,1,22,28,26
IN,1,23,3,3
IN,2,0,4,1
IN,2,1,3,3
IN,2,2,4,3
IN,2,3,14,12
IN,2,4,184,60
IN,2,5,291,84
IN,2,6,601,149
IN,2,7,1155,288
IN,2,8,984,202
IN,2,9,290,94
IN,2,10,288,76
IN,2,11,242,76
IN,2,12,242,96
IN,2,13,173,98
IN,2,14,144,94
IN,2,15,195,137
IN,2,16,402,204
IN,2,17,425,222
IN,2,18,313,161
IN,2,19,131,78
IN,2,20,60,47
IN,2,21,41,36
IN,2,22,26,23
IN,2,23,2,2
IN,3,1,2,2
IN,3,2,1,1
IN,3,3,18,14
IN,3,4,175,62
IN,3,5,221,85
IN,3,6,519,145
IN,3,7,983,267
IN,3,8,844,190
IN,3,9,263,94
IN,3,10,254,76
IN,3,11,234,79
IN,3,12,210,97
IN,3,13,146,98
IN,3,14,167,101
IN,3,15,201,148
IN,3,16,451,237
IN,3,17,445,224
IN,3,18,301,170
IN,3,19,152,85
IN,3,20,89,65
IN,3,21,58,53
IN,3,22,27,21
IN,3,23,4,2
IN,4,0,2,2
IN,4,1,1,1
IN,4,3,13,13
IN,4,4,157,56
IN,4,5,251,80
IN,4,6,498,129
IN,4,7,848,192
IN,4,8,797,149
IN,4,9,299,106
IN,4,10,241,57
IN,4,11,262,82
IN,4,12,253,94
IN,4,13,222,102
IN,4,14,265,145
IN,4,15,301,184
IN,4,16,513,246
IN,4,17,509,254
IN,4,18,375,209
IN,4,19,197,100
IN,4,20,92,67
IN,4,21,64,52
IN,4,22,58,40
IN,4,23,6,6
IN,5,0,3,3
IN,5,1,1,1
IN,5,2,1,1
IN,5,3,2,2
IN,5,4,1,1
IN,5,5,3,3
IN,5,6,14,14
IN,5,7,83,77
IN,5,8,73,65
IN,5,9,64,54
IN,5,10,88,77
IN,5,11,92,84
IN,5,12,91,85
IN,5,13,89,80
IN,5,14,93,86
IN,5,15,99,91
IN,5,16,72,67
IN,5,17,88,83
IN,5,18,90,86
IN,5,19,58,54
IN,5,20,49,47
IN,5,21,51,49
IN,5,22,44,41
IN,5,23,2,2
IN,6,0,1,1
IN,6,1,1,1
IN,6,3,2,2
IN,6,4,1,1
IN,6,5,1,1
IN,6,6,8,8
IN,6,7,59,57
IN,6,8,59,56
IN,6,9,71,65
IN,6,10,69,66
IN,6,11,83,75
IN,6,12,71,66
IN,6,13,93,90
IN,6,14,92,87
IN,6,15,99,95
IN,6,16,96,93
IN,6,17,79,77
IN,6,18,69,67
IN,6,19,59,55
IN,6,20,45,42
IN,6,21,45,43
IN,6,22,23,23
IN,6,23,1,1
KS,0,0,1,1
KS,0,4,15,7
KS,0,5,25,14
KS,0,6,89,56
KS,0,7,166,92
KS,0,8,161,104
KS,0,9,49,38
KS,0,10,60,43
KS,0,11,46,36
KS,0,12,36,29
KS,0,13,22,21
KS,0,14,27,23
KS,0,15,57,48
KS,0,16,75,63
KS,0,17,104,91
KS,0,18,43,38
KS,0,19,22,19
KS,0,20,16,12
KS,0,21,9,7
KS,0,22,15,14
KS,1,1,1,1
KS,1,3,3,3
KS,1,4,17,12
KS,1,5,27,16
KS,1,6,89,55
KS,1,7,193,106
KS,1,8,193,119
KS,1,9,51,35
KS,1,10,60,38
KS,1,11,31,24
KS,1,12,27,19
KS,1,13,18,16
KS,1,14,20,18
KS,1,15,63,49
KS,1,16,65,55
KS,1,17,90,76
KS,1,18,66,53
KS,1,19,18,16
KS,1,20,21,18
KS,1,21,10,10
KS,1,22,9,8
KS,2,0,1,1
KS,2,1,1,1
KS,2,4,22,12
KS,2,5,26,11
KS,2,6,80,35
KS,2,7,213,107
KS,2,8,215,119
KS,2,9,58,43
KS,2,10,53,37
KS,2,11,33,27
KS,2,12,23,14
KS,2,13,29,26
KS,2,14,30,26
KS,2,15,58,51
KS,2,16,81,70
KS,2,17,89,75
KS,2,18,80,62
KS,2,19,29,28
KS,2,20,12,11
KS,2,21,8,5
KS,2,22,15,13
KS,3,4,32,24
KS,3,5,25,14
KS,3,6,88,47
KS,3,7,141,89
KS,3,8,156,90
KS,3,9,53,38
KS,3,10,42,29
KS,3,11,43,24
KS,3,12,27,18
KS,3,13,27,21
KS,3,14,38,32
KS,3,15,51,42
KS,3,16,74,61
KS,3,17,92,76
KS,3,18,68,58
KS,3,19,34,28
KS,3,20,26,23
KS,3,21,12,10
KS,3,22,8,7
KS,4,3,1,1
KS,4,4,14,11
KS,4,5,30,19
KS,4,6,66,36
KS,4,7,114,65
KS,4,8,95,53
KS,4,9,40,28
KS,4,10,32,22
KS,4,11,35,26
KS,4,12,21,20
KS,4,13,31,26
KS,4,14,34,27
KS,4,15,52,42
KS,4,16,78,66
KS,4,17,61,52
KS,4,18,58,46
KS,4,19,29,25
KS,4,20,13,12
KS,4,21,22,19
KS,4,22,12,10
KS,4,23,1,1
KS,5,0,3,3
KS,5,2,2,2
KS,5,5,2,2
KS,5,6,17,15
KS,5,7,25,19
KS,5,8,36,31
KS,5,9,26,19
KS,5,10,28,23
KS,5,11,26,22
KS,5,12,31,29
KS,5,13,41,31
KS,5,14,45,34
KS,5,15,48,40
KS,5,16,15,11
KS,5,17,17,10
KS,5,18,27,20
KS,5,19,14,11
KS,5,20,9,7
KS,5,21,16,15
KS,5,22,2,2
KS,5,23,2,2
KS,6,3,1,1
KS,6,4,1,1
KS,6,6,17,14
KS,6,7,13,11
KS,6,8,36,29
KS,6,9,34,27
KS,6,10,21,14
KS,6,11,24,19
KS,6,12,22,21
KS,6,13,36,30
KS,6,14,32,31
KS,6,15,22,16
KS,6,16,16,14
KS,6,17,13,11
KS,6,18,18,16
KS,6,19,13,13
KS,6,20,18,13
KS,6,21,14,9
KS,6,22,3,1
KY,0,1,2,2
KY,0,2,1,1
KY,0,4,113,57
KY,0,5,164,59
KY,0,6,329,109
KY,0,7,670,211
KY,0,8,707,202
KY,0,9,189,93
KY,0,10,166,87
KY,0,11,164,74
KY,0,12,86,51
KY,0,13,154,86
KY,0,14,143,84
KY,0,15,86,61
KY,0,16,423,191
KY,0,17,397,174
KY,0,18,165,120
KY,0,19,60,41
KY,0,20,61,45
KY,0,21,46,36
KY,0,22,55,49
KY,0,23,44,28
KY,1,0,1,1
KY,1,2,3,2
KY,1,3,1,0
KY,1,4,91,38
KY,1,5,175,71
KY,1,6,340,110
KY,1,7,871,264
KY,1,8,806,257
KY,1,9,199,111
KY,1,10,167,83
KY,1,11,159,73
KY,1,12,81,49
KY,1,13,134,67
KY,1,14,123,83
KY,1,15,88,67
KY,1,16,429,218
KY,1,17,476,231
KY,1,18,156,122
KY,1,19,78,66
KY,1,20,62,48
KY,1,21,51,41
KY,1,22,46,41
KY,1,23,47,31
KY,2,0,1,1
KY,2,1,2,2
KY,2,2,1,0
KY,2,3,2,1
KY,2,4,110,42
KY,2,5,152,53
KY,2,6,381,132
KY,2,7,803,259
KY,2,8,773,227
KY,2,9,224,128
KY,2,10,189,84
KY,2,11,170,80
KY,2,12,56,32
KY,2,13,154,87
KY,2,14,120,65
KY,2,15,116,88
KY,2,16,428,225
KY,2,17,432,228
KY,2,18,171,126
KY,2,19,76,60
KY,2,20,61,50
KY,2,21,36,32
KY,2,22,42,35
KY,2,23,39,29
KY,3,0,2,2
KY,3,1,1,0
KY,3,3,1,0
KY,3,4,114,50
KY,3,5,169,62
KY,3,6,303,107
KY,3,7,738,242
KY,3,8,690,199
KY,3,9,180,105
KY,3,10,140,63
KY,3,11,150,83
KY,3,12,75,45
KY,3,13,149,81
KY,3,14,151,82
KY,3,15,127,108
KY,3,16,463,230
KY,3,17,512,258
KY,3,18,157,114
KY,3,19,74,59
KY,3,20,63,51
KY,3,21,45,38
KY,3,22,45,38
KY,3,23,45,32
KY,4,0,1,1
KY,4,1,1,1
KY,4,2,1,1
KY,4,3,1,1
KY,4,4,111,43
KY,4,5,136,55
KY,4,6,299,124
KY,4,7,624,174
KY,4,8,595,149
KY,4,9,166,88
KY,4,10,147,72
KY,4,11,156,83
KY,4,12,97,59
KY,4,13,171,89
KY,4,14,156,92
KY,4,15,155,116
KY,4,16,494,297
KY,4,17,481,280
KY,4,18,197,140
KY,4,19,83,64
KY,4,20,83,59
KY,4,21,57,44
KY,4,22,60,47
KY,4,23,52,39
KY,5,0,1,1
KY,5,1,1,1
KY,5,5,1,1
KY,5,6,4,1
KY,5,7,73,61
KY,5,8,58,49
KY,5,9,73,58
KY,5,10,85,72
KY,5,11,69,63
KY,5,12,123,104
KY,5,13,115,94
KY,5,14,102,87
KY,5,15,78,67
KY,5,16,88,80
KY,5,17,72,61
KY,5,18,53,45
KY,5,19,40,36
KY,5,20,46,42
KY,5,21,36,28
KY,5,22,29,23
KY,5,23,2,2
KY,6,3,1,1
KY,6,4,2,2
KY,6,5,1,1
KY,6,6,2,2
KY,6,7,74,64
KY,6,8,49,43
KY,6,9,42,31
KY,6,10,71,58
KY,6,11,73,69
KY,6,12,72,60
KY,6,13,68,58
KY,6,14,84,70
KY,6,15,69,58
KY,6,16,62,50
KY,6,17,90,81
KY,6,18,63,57
KY,6,19,40,33
KY,6,20,39,36
KY,6,21,39,35
KY,6,22,35,31
KY,6,23,1,0
LA,0,0,2,2
LA,0,1,2,2
LA,0,2,1,0
LA,0,3,2,1
LA,0,4,209,45
LA,0,5,337,79
LA,0,6,729,149
LA,0,7,1453,231
LA,0,8,1537,237
LA,0,9,1212,137
LA,0,10,1213,100
LA,0,11,481,103
LA,0,12,571,148
LA,0,13,524,119
LA,0,14,561,157
LA,0,15,1083,189
LA,0,16,1152,207
LA,0,17,1061,226
LA,0,18,754,158
LA,0,19,228,65
LA,0,20,165,52
LA,0,21,143,42
LA,0,22,80,30
LA,0,23,6,2
LA,1,0,3,2
LA,1,1,3,2
LA,1,2,4,3
LA,1,3,9,3
LA,1,4,208,51
LA,1,5,305,66
LA,1,6,804,150
LA,1,7,1622,238
LA,1,8,1564,242
LA,1,9,1213,123
LA,1,10,1138,113
LA,1,11,550,122
LA,1,12,617,142
LA,1,13,549,134
LA,1,14,614,168
LA,1,15,1146,212
LA,1,16,1141,217
LA,1,17,1056,261
LA,1,18,870,195
LA,1,19,257,86
LA,1,20,177,47
LA,1,21,145,38
LA,1,22,123,47
LA,1,23,9,6
LA,2,0,2,0
LA,2,1,4,3
LA,2,2,1,0
LA,2,3,2,1
LA,2,4,230,38
LA,2,5,321,83
LA,2,6,848,172
LA,2,7,1693,249
LA,2,8,1537,207
LA,2,9,1293,150
LA,2,10,1213,111
LA,2,11,536,120
LA,2,12,640,125
LA,2,13,597,149
LA,2,14,624,185
LA,2,15,1229,220
LA,2,16,1287,274
LA,2,17,1176,289
LA,2,18,899,192
LA,2,19,278,82
LA,2,20,216,60
LA,2,21,167,50
LA,2,22,95,27
LA,2,23,10,5
LA,3,0,2,2
LA,3,2,2,2
LA,3,3,3,2
LA,3,4,230,52
LA,3,5,328,79
LA,3,6,798,143
LA,3,7,1589,239
LA,3,8,1527,244
LA,3,9,1166,118
LA,3,10,1184,106
LA,3,11,506,129
LA,3,12,596,137
LA,3,13,616,148
LA,3,14,576,132
LA,3,15,1293,227
LA,3,16,1283,267
LA,3,17,1195,301
LA,3,18,858,202
LA,3,19,250,78
LA,3,20,174,36
LA,3,21,150,43
LA,3,22,110,44
LA,3,23,3,2
LA,4,0,1,1
LA,4,1,3,3
LA,4,3,4,3
LA,4,4,277,52
LA,4,5,302,73
LA,4,6,694,135
LA,4,7,1341,204
LA,4,8,1370,185
LA,4,9,1162,99
LA,4,10,1326,109
LA,4,11,656,135
LA,4,12,720,177
LA,4,13,705,216
LA,4,14,687,176
LA,4,15,1310,282
LA,4,16,1433,293
LA,4,17,1090,300
LA,4,18,872,242
LA,4,19,292,98
LA,4,20,257,84
LA,4,21,252,73
LA,4,22,107,42
LA,4,23,11,4
LA,5,3,1,1
LA,5,4,1,1
LA,5,5,3,3
LA,5,6,89,65
LA,5,7,92,62
LA,5,8,95,62
LA,5,9,150,80
LA,5,10,147,78
LA,5,11,173,100
LA,5,12,198,119
LA,5,13,157,91
LA,5,14,178,143
LA,5,15,177,140
LA,5,16,132,105
LA,5,17,134,106
LA,5,18,94,78
LA,5,19,87,60
LA,5,20,68,46
LA,5,21,47,38
LA,5,22,3,3
LA,5,23,4,4
LA,6,0,1,1
LA,6,1,1,1
LA,6,3,2,2
LA,6,5,1,1
LA,6,6,99,77
LA,6,7,72,54
LA,6,8,70,43
LA,6,9,96,52
LA,6,10,88,54
LA,6,11,155,86
LA,6,12,160,102
LA,6,13,153,97
LA,6,14,160,122
LA,6,15,152,123
LA,6,16,144,109
LA,6,17,139,114
LA,6,18,95,76
LA,6,19,82,61
LA,6,20,49,32
LA,6,21,66,51
LA,6,23,1,1
MA,0,0,2,2
MA,0,1,2,2
MA,0,2,1,1
MA,0,3,1,1
MA,0,4,220,73
MA,0,5,502,190
MA,0,6,876,341
MA,0,7,1448,463
MA,0,8,1303,392
MA,0,9,748,186
MA,0,10,539,104
MA,0,11,377,78
MA,0,12,88,36
MA,0,13,185,56
MA,0,14,213,83
MA,0,15,250,99
MA,0,16,1131,308
MA,0,17,1041,265
MA,0,18,463,104
MA,0,19,127,28
MA,0,20,95,22
MA,0,21,71,21
MA,0,22,58,16
MA,0,23,1,0
MA,1,2,1,0
MA,1,3,1,0
MA,1,4,206,95
MA,1,5,510,225
MA,1,6,1048,397
MA,1,7,1684,567
MA,1,8,1698,551
MA,1,9,930,259
MA,1,10,638,132
MA,1,11,381,78
MA,1,12,94,40
MA,1,13,180,60
MA,1,14,256,104
MA,1,15,281,116
MA,1,16,1310,342
MA,1,17,1097,308
MA,1,18,516,141
MA,1,19,142,39
MA,1,20,98,21
MA,1,21,58,9
MA,1,22,40,11
MA,1,23,4,1
MA,2,1,1,0
MA,2,3,1,1
MA,2,4,182,75
MA,2,5,514,198
MA,2,6,1085,413
MA,2,7,1696,527
MA,2,8,1628,563
MA,2,9,871,207
MA,2,10,550,103
MA,2,11,383,82
MA,2,12,65,20
MA,2,13,184,63
MA,2,14,260,102
MA,2,15,291,148
MA,2,16,1319,361
MA,2,17,1214,353
MA,2,18,570,152
MA,2,19,155,42
MA,2,20,101,18
MA,2,21,51,17
MA,2,22,57,15
MA,3,3,2,1
MA,3,4,218,76
MA,3,5,474,169
MA,3,6,916,321
MA,3,7,1570,532
MA,3,8,1497,465
MA,3,9,863,251
MA,3,10,599,121
MA,3,11,398,87
MA,3,12,99,44
MA,3,13,192,67
MA,3,14,264,124
MA,3,15,323,152
MA,3,16,1317,375
MA,3,17,1202,362
MA,3,18,545,158
MA,3,19,151,45
MA,3,20,115,30
MA,3,21,71,15
MA,3,22,49,15
MA,3,23,5,2
MA,4,2,1,1
MA,4,3,2,2
MA,4,4,195,72
MA,4,5,379,158
MA,4,6,777,286
MA,4,7,1266,366
MA,4,8,1122,289
MA,4,9,716,153
MA,4,10,546,132
MA,4,11,451,91
MA,4,12,92,46
MA,4,13,231,94
MA,4,14,292,130
MA,4,15,322,150
MA,4,16,1259,405
MA,4,17,1165,342
MA,4,18,569,158
MA,4,19,151,38
MA,4,20,125,34
MA,4,21,81,16
MA,4,22,60,19
MA,4,23,1,0
MA,5,5,5,5
MA,5,6,1,1
MA,5,7,45,25
MA,5,8,32,17
MA,5,9,59,32
MA,5,10,48,23
MA,5,11,51,20
MA,5,12,65,41
MA,5,13,65,31
MA,5,14,54,34
MA,5,15,36,13
MA,5,16,48,26
MA,5,17,26,14
MA,5,18,23,12
MA,5,19,30,11
MA,5,20,15,8
MA,5,21,13,7
MA,5,22,15,6
MA,6,6,1,1
MA,6,7,22,9
MA,6,8,19,3
MA,6,9,24,9
MA,6,10,36,14
MA,6,11,47,19
MA,6,12,36,11
MA,6,13,66,33
MA,6,14,54,25
MA,6,15,31,21
MA,6,16,55,27
MA,6,17,31,19
MA,6,18,28,15
MA,6,19,13,8
MA,6,20,18,6
MA,6,21,19,8
MA,6,22,16,9
MD,0,0,2,1
MD,0,2,2,2
MD,0,3,6,5
MD,0,4,261,100
MD,0,5,509,181
MD,0,6,820,330
MD,0,7,1009,370
MD,0,8,1033,359
MD,0,9,381,185
MD,0,10,395,187
MD,0,11,319,146
MD,0,12,231,127
MD,0,13,274,159
MD,0,14,307,191
MD,0,15,276,201
MD,0,16,333,178
MD,0,17,346,213
MD,0,18,258,170
MD,0,19,125,88
MD,0,20,102,70
MD,0,21,78,56
MD,0,22,75,53
MD,0,23,5,3
MD,1,0,1,0
MD,1,2,1,1
MD,1,3,3,1
MD,1,4,228,91
MD,1,5,453,148
MD,1,6,936,332
MD,1,7,1177,449
MD,1,8,1160,464
MD,1,9,455,232
MD,1,10,380,194
MD,1,11,334,171
MD,1,12,208,104
MD,1,13,261,167
MD,1,14,301,172
MD,1,15,229,147
MD,1,16,340,199
MD,1,17,314,183
MD,1,18,251,151
MD,1,19,163,111
MD,1,20,119,76
MD,1,21,66,44
MD,1,22,76,55
MD,1,23,5,5
MD,2,0,3,3
MD,2,1,3,2
MD,2,2,3,2
MD,2,3,2,0
MD,2,4,256,90
MD,2,5,492,174
MD,2,6,951,334
MD,2,7,1161,382
MD,2,8,1081,403
MD,2,9,394,202
MD,2,10,326,140
MD,2,11,335,152
MD,2,12,231,145
MD,2,13,272,159
MD,2,14,256,159
MD,2,15,263,171
MD,2,16,316,180
MD,2,17,382,209
MD,2,18,303,174
MD,2,19,195,120
MD,2,20,136,87
MD,2,21,77,57
MD,2,22,78,55
MD,2,23,9,8
MD,3,0,4,4
MD,3,2,1,1
MD,3,3,2,0
MD,3,4,238,108
MD,3,5,434,159
MD,3,6,872,325
MD,3,7,1069,391
MD,3,8,1081,404
MD,3,9,388,193
MD,3,10,384,191
MD,3,11,307,142
MD,3,12,219,133
MD,3,13,279,173
MD,3,14,314,192
MD,3,15,305,199
MD,3,16,349,209
MD,3,17,391,205
MD,3,18,273,164
MD,3,19,185,109
MD,3,20,135,85
MD,3,21,89,52
MD,3,22,87,65
MD,3,23,9,5
MD,4,0,1,1
MD,4,1,1,1
MD,4,2,1,1
MD,4,3,2,2
MD,4,4,301,117
MD,4,5,451,164
MD,4,6,764,276
MD,4,7,901,309
MD,4,8,858,291
MD,4,9,382,179
MD,4,10,350,158
MD,4,11,354,170
MD,4,12,282,158
MD,4,13,309,185
MD,4,14,394,244
MD,4,15,303,206
MD,4,16,345,209
MD,4,17,416,244
MD,4,18,291,180
MD,4,19,218,144
MD,4,20,166,97
MD,4,21,96,65
MD,4,22,87,58
MD,4,23,5,2
MD,5,0,3,3
MD,5,1,1,1
MD,5,2,1,1
MD,5,3,4,4
MD,5,5,2,2
MD,5,6,2,2
MD,5,7,137,97
MD,5,8,128,77
MD,5,9,168,104
MD,5,10,220,132
MD,5,11,202,122
MD,5,12,250,150
MD,5,13,257,168
MD,5,14,210,145
MD,5,15,134,94
MD,5,16,122,86
MD,5,17,100,61
MD,5,18,106,66
MD,5,19,95,65
MD,5,20,85,62
MD,5,21,62,48
MD,5,22,34,20
MD,5,23,1,1
MD,6,1,2,2
MD,6,2,3,2
MD,6,5,2,2
MD,6,7,163,117
MD,6,8,120,83
MD,6,9,165,108
MD,6,10,176,104
MD,6,11,200,127
MD,6,12,198,116
MD,6,13,235,148
MD,6,14,217,141
MD,6,15,117,77
MD,6,16,131,91
MD,6,17,111,82
MD,6,18,101,65
MD,6,19,80,55
MD,6,20,65,46
MD,6,21,39,31
MD,6,22,46,36
ME,0,2,1,1
ME,0,5,2,2
ME,0,6,7,2
ME,0,7,2,2
ME,0,8,3,1
ME,0,9,5,2
ME,0,10,4,3
ME,0,11,7,3
ME,0,13,6,5
ME,0,14,2,2
ME,0,16,10,4
ME,0,17,13,6
ME,0,18,7,4
ME,0,19,3,3
ME,0,20,1,1
ME,0,22,2,2
ME,1,5,2,1
ME,1,6,7,7
ME,1,7,2,0
ME,1,8,7,5
ME,1,10,3,2
ME,1,11,2,2
ME,1,13,2,2
ME,1,14,3,2
ME,1,15,3,3
ME,1,16,16,9
ME,1,17,17,10
ME,1,18,7,1
ME,1,19,3,2
ME,1,20,2,1
ME,1,21,3,2
ME,2,5,4,3
ME,2,6,7,5
ME,2,7,8,7
ME,2,8,4,1
ME,2,9,3,2
ME,2,10,7,6
ME,2,11,6,6
ME,2,14,1,1
ME,2,15,1,0
ME,2,16,16,10
ME,2,17,15,6
ME,2,18,11,5
ME,2,19,5,3
ME,2,20,2,2
ME,2,21,2,1
ME,2,22,1,1
ME,3,4,2,2
ME,3,5,5,2
ME,3,6,5,4
ME,3,7,8,7
ME,3,8,2,1
ME,3,9,3,3
ME,3,10,4,4
ME,3,11,4,4
ME,3,12,2,2
ME,3,13,2,1
ME,3,14,3,2
ME,3,15,3,3
ME,3,16,24,11
ME,3,17,16,4
ME,3,18,5,1
ME,3,19,2,2
ME,3,20,3,1
ME,3,21,7,7
ME,3,22,2,2
ME,4,4,1,1
ME,4,5,4,3
ME,4,6,4,4
ME,4,7,3,1
ME,4,8,8,6
ME,4,9,3,3
ME,4,10,3,2
ME,4,11,2,2
ME,4,12,1,1
ME,4,13,1,1
ME,4,14,2,1
ME,4,15,3,2
ME,4,16,22,11
ME,4,17,19,10
ME,4,18,17,10
ME,4,19,3,2
ME,4,20,3,2
ME,4,21,2,1
ME,4,22,3,3
ME,5,7,1,0
ME,5,8,1,1
ME,5,9,1,1
ME,5,10,2,2
ME,5,11,3,1
ME,5,18,1,0
ME,5,19,1,0
ME,6,7,1,0
ME,6,8,1,1
ME,6,10,2,1
ME,6,11,2,2
ME,6,12,1,1
ME,6,13,2,1
ME,6,14,1,1
ME,6,17,2,2
ME,6,18,1,1
ME,6,22,1,1
MI,0,0,98,66
MI,0,1,86,56
MI,0,2,109,72
MI,0,3,87,65
MI,0,4,567,122
MI,0,5,471,155
MI,0,6,1120,367
MI,0,7,1748,546
MI,0,8,1831,592
MI,0,9,817,332
MI,0,10,842,316
MI,0,11,777,256
MI,0,12,560,227
MI,0,13,465,202
MI,0,14,583,283
MI,0,15,1019,412
MI,0,16,1187,438
MI,0,17,1102,446
MI,0,18,759,261
MI,0,19,511,177
MI,0,20,376,137
MI,0,21,307,103
MI,0,22,275,113
MI,0,23,84,62
MI,1,0,86,54
MI,1,1,98,73
MI,1,2,86,67
MI,1,3,82,58
MI,1,4,531,119
MI,1,5,570,180
MI,1,6,1212,363
MI,1,7,1978,600
MI,1,8,1980,612
MI,1,9,870,355
MI,1,10,828,274
MI,1,11,788,256
MI,1,12,492,199
MI,1,13,461,199
MI,1,14,606,281
MI,1,15,1000,357
MI,1,16,1192,421
MI,1,17,1236,491
MI,1,18,824,307
MI,1,19,547,177
MI,1,20,369,104
MI,1,21,279,104
MI,1,22,274,121
MI,1,23,75,56
MI,2,0,93,52
MI,2,1,93,66
MI,2,2,88,56
MI,2,3,83,58
MI,2,4,639,130
MI,2,5,557,168
MI,2,6,1119,345
MI,2,7,1786,540
MI,2,8,1846,532
MI,2,9,817,307
MI,2,10,833,293
MI,2,11,797,269
MI,2,12,446,159
MI,2,13,481,216
MI,2,14,557,248
MI,2,15,1095,416
MI,2,16,1239,461
MI,2,17,1183,507
MI,2,18,909,323
MI,2,19,591,219
MI,2,20,395,140
MI,2,21,301,108
MI,2,22,283,123
MI,2,23,80,53
MI,3,0,78,54
MI,3,1,101,65
MI,3,2,86,47
MI,3,3,87,61
MI,3,4,582,72
MI,3,5,510,123
MI,3,6,1034,302
MI,3,7,1704,506
MI,3,8,1773,558
MI,3,9,843,331
MI,3,10,803,283
MI,3,11,792,251
MI,3,12,473,192
MI,3,13,458,193
MI,3,14,630,306
MI,3,15,1052,415
MI,3,16,1330,513
MI,3,17,1229,523
MI,3,18,904,362
MI,3,19,643,212
MI,3,20,346,112
MI,3,21,304,124
MI,3,22,274,103
MI,3,23,85,65
MI,4,0,81,57
MI,4,1,100,70
MI,4,2,115,77
MI,4,3,109,73
MI,4,4,679,135
MI,4,5,495,167
MI,4,6,981,281
MI,4,7,1550,435
MI,4,8,1530,460
MI,4,9,666,237
MI,4,10,747,257
MI,4,11,815,227
MI,4,12,592,227
MI,4,13,508,230
MI,4,14,718,331
MI,4,15,1269,544
MI,4,16,1517,598
MI,4,17,1263,524
MI,4,18,955,405
MI,4,19,626,238
MI,4,20,439,163
MI,4,21,355,138
MI,4,22,328,156
MI,4,23,103,71
MI,5,0,103,56
MI,5,1,182,128
MI,5,2,257,161
MI,5,3,173,105
MI,5,4,162,102
MI,5,5,144,94
MI,5,6,139,89
MI,5,7,258,168
MI,5,8,272,179
MI,5,9,301,198
MI,5,10,367,242
MI,5,11,353,198
MI,5,12,376,217
MI,5,13,362,240
MI,5,14,372,236
MI,5,15,276,215
MI,5,16,276,228
MI,5,17,267,200
MI,5,18,237,177
MI,5,19,165,118
MI,5,20,175,136
MI,5,21,181,132
MI,5,22,149,104
MI,5,23,93,59
MI,6,0,113,80
MI,6,1,205,121
MI,6,2,268,154
MI,6,3,252,153
MI,6,4,177,116
MI,6,5,140,92
MI,6,6,96,67
MI,6,7,177,123
MI,6,8,184,119
MI,6,9,177,113
MI,6,10,260,153
MI,6,11,248,151
MI,6,12,311,190
MI,6,13,330,214
MI,6,14,322,209
MI,6,15,255,199
MI,6,16,233,180
MI,6,17,227,173
MI,6,18,202,151
MI,6,19,179,135
MI,6,20,184,134
MI,6,21,151,102
MI,6,22,142,111
MI,6,23,68,51
MN,0,0,3,2
MN,0,1,3,3
MN,0,2,4,4
MN,0,3,4,3
MN,0,4,319,58
MN,0,5,405,118
MN,0,6,804,186
MN,0,7,1155,260
MN,0,8,1003,274
MN,0,9,639,254
MN,0,10,456,181
MN,0,11,291,170
MN,0,12,304,191
MN,0,13,302,186
MN,0,14,366,248
MN,0,15,763,367
MN,0,16,778,414
MN,0,17,876,496
MN,0,18,474,240
MN,0,19,335,153
MN,0,20,417,151
MN,0,21,273,106
MN,0,22,293,120
MN,0,23,4,3
MN,1,0,2,1
MN,1,1,2,2
MN,1,2,2,2
MN,1,3,11,7
MN,1,4,341,62
MN,1,5,339,100
MN,1,6,845,213
MN,1,7,1207,343
MN,1,8,1137,313
MN,1,9,614,252
MN,1,10,477,157
MN,1,11,297,149
MN,1,12,305,184
MN,1,13,310,194
MN,1,14,336,230
MN,1,15,912,443
MN,1,16,946,531
MN,1,17,1063,583
MN,1,18,547,288
MN,1,19,374,166
MN,1,20,403,133
MN,1,21,234,79
MN,1,22,270,106
MN,1,23,2,1
MN,2,0,2,1
MN,2,1,4,1
MN,2,2,5,1
MN,2,3,6,0
MN,2,4,341,72
MN,2,5,362,88
MN,2,6,815,197
MN,2,7,1251,321
MN,2,8,1101,274
MN,2,9,609,221
MN,2,10,476,150
MN,2,11,287,126
MN,2,12,304,209
MN,2,13,329,216
MN,2,14,373,228
MN,2,15,889,448
MN,2,16,927,530
MN,2,17,950,541
MN,2,18,550,299
MN,2,19,301,147
MN,2,20,359,119
MN,2,21,225,96
MN,2,22,201,67
MN,2,23,1,1
MN,3,1,2,0
MN,3,2,1,1
MN,3,3,3,2
MN,3,4,330,64
MN,3,5,318,80
MN,3,6,652,145
MN,3,7,1071,310
MN,3,8,935,242
MN,3,9,590,220
MN,3,10,492,169
MN,3,11,306,156
MN,3,12,342,231
MN,3,13,311,200
MN,3,14,375,244
MN,3,15,904,444
MN,3,16,968,539
MN,3,17,1035,577
MN,3,18,520,289
MN,3,19,348,173
MN,3,20,456,156
MN,3,21,270,127
MN,3,22,285,116
MN,3,23,5,5
MN,4,3,7,1
MN,4,4,325,74
MN,4,5,327,71
MN,4,6,632,163
MN,4,7,804,219
MN,4,8,784,209
MN,4,9,465,165
MN,4,10,462,161
MN,4,11,313,179
MN,4,12,409,278
MN,4,13,418,296
MN,4,14,482,323
MN,4,15,1146,607
MN,4,16,1016,575
MN,4,17,1008,595
MN,4,18,613,303
MN,4,19,384,168
MN,4,20,390,153
MN,4,21,288,115
MN,4,22,372,165
MN,4,23,5,1
MN,5,5,1,0
MN,5,6,294,130
MN,5,7,187,93
MN,5,8,230,133
MN,5,9,228,126
MN,5,10,217,114
MN,5,11,293,166
MN,5,12,373,192
MN,5,13,375,215
MN,5,14,298,200
MN,5,15,281,167
MN,5,16,131,76
MN,5,17,163,109
MN,5,18,168,121
MN,5,19,114,80
MN,5,20,103,68
MN,5,21,127,82
MN,6,0,2,2
MN,6,2,2,2
MN,6,5,1,1
MN,6,6,275,120
MN,6,7,104,60
MN,6,8,148,83
MN,6,9,148,78
MN,6,10,158,80
MN,6,11,223,94
MN,6,12,260,141
MN,6,13,254,144
MN,6,14,271,179
MN,6,15,219,129
MN,6,16,169,113
MN,6,17,130,92
MN,6,18,133,88
MN,6,19,69,52
MN,6,20,107,74
MN,6,21,118,67
MN,6,22,2,2
MO,0,0,3,2
MO,0,2,1,0
MO,0,3,2,2
MO,0,4,147,98
MO,0,5,183,108
MO,0,6,477,275
MO,0,7,672,358
MO,0,8,700,394
MO,0,9,232,174
MO,0,10,240,165
MO,0,11,255,177
MO,0,12,144,115
MO,0,13,166,129
MO,0,14,245,183
MO,0,15,289,210
MO,0,16,367,284
MO,0,17,376,278
MO,0,18,217,176
MO,0,19,142,122
MO,0,20,94,80
MO,0,21,105,82
MO,0,22,92,78
MO,0,23,18,17
MO,1,1,1,1
MO,1,2,2,2
MO,1,3,2,2
MO,1,4,114,71
MO,1,5,156,104
MO,1,6,582,277
MO,1,7,785,412
MO,1,8,778,433
MO,1,9,258,190
MO,1,10,234,160
MO,1,11,224,149
MO,1,12,135,110
MO,1,13,133,112
MO,1,14,210,160
MO,1,15,311,247
MO,1,16,431,344
MO,1,17,417,334
MO,1,18,290,230
MO,1,19,179,151
MO,1,20,113,97
MO,1,21,87,74
MO,1,22,85,78
MO,1,23,8,8
MO,2,0,5,4
MO,2,1,4,2
MO,2,2,3,1
MO,2,4,148,82
MO,2,5,198,115
MO,2,6,602,335
MO,2,7,861,445
MO,2,8,820,472
MO,2,9,293,218
MO,2,10,288,214
MO,2,11,259,189
MO,2,12,147,120
MO,2,13,154,126
MO,2,14,205,152
MO,2,15,316,240
MO,2,16,420,332
MO,2,17,429,340
MO,2,18,275,218
MO,2,19,158,139
MO,2,20,109,88
MO,2,21,92,80
MO,2,22,90,72
MO,2,23,9,9
MO,3,1,1,1
MO,3,2,2,2
MO,3,3,1,0
MO,3,4,174,109
MO,3,5,190,123
MO,3,6,538,280
MO,3,7,762,393
MO,3,8,709,419
MO,3,9,261,196
MO,3,10,256,174
MO,3,11,248,158
MO,3,12,133,101
MO,3,13,170,141
MO,3,14,205,161
MO,3,15,354,282
MO,3,16,401,335
MO,3,17,410,326
MO,3,18,303,244
MO,3,19,156,124
MO,3,20,94,81
MO,3,21,98,89
MO,3,22,82,71
MO,3,23,7,7
MO,4,0,1,0
MO,4,1,1,1
MO,4,2,1,1
MO,4,3,1,0
MO,4,4,185,119
MO,4,5,178,112
MO,4,6,466,232
MO,4,7,637,326
MO,4,8,523,287
MO,4,9,203,151
MO,4,10,243,167
MO,4,11,214,146
MO,4,12,154,121
MO,4,13,176,133
MO,4,14,250,192
MO,4,15,379,293
MO,4,16,451,379
MO,4,17,439,338
MO,4,18,322,269
MO,4,19,223,189
MO,4,20,117,93
MO,4,21,94,80
MO,4,22,110,88
MO,4,23,7,7
MO,5,0,2,0
MO,5,1,2,2
MO,5,2,3,3
MO,5,3,8,8
MO,5,5,2,2
MO,5,6,120,103
MO,5,7,120,102
MO,5,8,146,121
MO,5,9,120,93
MO,5,10,133,110
MO,5,11,154,123
MO,5,12,145,117
MO,5,13,146,121
MO,5,14,152,115
MO,5,15,162,142
MO,5,16,71,61
MO,5,17,75,55
MO,5,18,86,75
MO,5,19,71,59
MO,5,20,56,50
MO,5,21,64,53
MO,5,22,10,6
MO,5,23,1,1
MO,6,1,2,2
MO,6,2,3,3
MO,6,3,2,2
MO,6,4,3,3
MO,6,5,1,1
MO,6,6,100,87
MO,6,7,88,82
MO,6,8,112,91
MO,6,9,97,78
MO,6,10,99,82
MO,6,11,114,94
MO,6,12,136,115
MO,6,13,144,121
MO,6,14,153,128
MO,6,15,136,114
MO,6,16,72,64
MO,6,17,69,55
MO,6,18,65,53
MO,6,19,54,46
MO,6,20,45,35
MO,6,21,48,37
MO,6,22,9,6
MO,6,23,1,1
MS,0,4,14,4
MS,0,5,19,12
MS,0,6,72,39
MS,0,7,169,61
MS,0,8,164,69
MS,0,9,92,38
MS,0,10,84,29
MS,0,11,66,30
MS,0,12,57,22
MS,0,13,51,21
MS,0,14,49,30
MS,0,15,93,61
MS,0,16,85,55
MS,0,17,124,75
MS,0,18,58,43
MS,0,19,14,11
MS,0,20,7,4
MS,0,21,6,6
MS,0,22,3,2
MS,1,4,17,10
MS,1,5,16,8
MS,1,6,72,34
MS,1,7,168,61
MS,1,8,219,110
MS,1,9,117,49
MS,1,10,79,28
MS,1,11,79,33
MS,1,12,65,31
MS,1,13,54,31
MS,1,14,26,11
MS,1,15,96,60
MS,1,16,112,63
MS,1,17,144,86
MS,1,18,76,54
MS,1,19,30,21
MS,1,20,9,6
MS,1,21,2,1
MS,1,22,2,2
MS,1,23,1,1
MS,2,1,1,1
MS,2,4,11,6
MS,2,5,17,11
MS,2,6,71,33
MS,2,7,166,70
MS,2,8,202,97
MS,2,9,85,35
MS,2,10,86,33
MS,2,11,83,30
MS,2,12,48,26
MS,2,13,53,32
MS,2,14,47,23
MS,2,15,75,48
MS,2,16,105,64
MS,2,17,113,70
MS,2,18,71,47
MS,2,19,14,11
MS,2,20,7,7
MS,2,21,2,2
MS,2,22,1,1
MS,2,23,1,1
MS,3,1,1,1
MS,3,3,1,1
MS,3,4,18,13
MS,3,5,13,7
MS,3,6,70,33
MS,3,7,126,58
MS,3,8,181,86
MS,3,9,73,33
MS,3,10,66,23
MS,3,11,70,28
MS,3,12,40,22
MS,3,13,55,22
MS,3,14,49,28
MS,3,15,87,54
MS,3,16,125,77
MS,3,17,112,79
MS,3,18,58,41
MS,3,19,19,15
MS,3,21,5,4
MS,3,22,5,3
MS,4,2,1,1
MS,4,4,21,12
MS,4,5,14,8
MS,4,6,44,19
MS,4,7,124,44
MS,4,8,114,52
MS,4,9,75,31
MS,4,10,58,24
MS,4,11,86,33
MS,4,12,76,39
MS,4,13,65,33
MS,4,14,52,20
MS,4,15,139,101
MS,4,16,129,77
MS,4,17,164,112
MS,4,18,76,52
MS,4,19,25,23
MS,4,20,5,3
MS,4,21,3,3
MS,4,22,1,1
MS,5,5,1,1
MS,5,6,17,12
MS,5,7,6,5
MS,5,8,6,4
MS,5,9,4,2
MS,5,10,5,4
MS,5,11,3,2
MS,5,12,7,5
MS,5,13,5,4
MS,5,14,6,3
MS,5,15,3,2
MS,5,16,6,5
MS,5,17,7,5
MS,5,18,5,3
MS,5,19,3,3
MS,5,20,3,1
MS,5,21,1,0
MS,5,23,3,0
MS,6,6,11,7
MS,6,7,6,4
MS,6,8,1,0
MS,6,10,2,2
MS,6,11,5,5
MS,6,12,4,2
MS,6,13,4,4
MS,6,14,4,2
MS,6,15,3,2
MS,6,16,1,1
MS,6,17,9,8
MS,6,18,4,4
MS,6,19,2,1
MS,6,21,3,1
MT,0,2,1,0
MT,0,7,1,1
MT,0,8,7,5
MT,0,9,5,5
MT,0,12,1,1
MT,0,22,1,0
MT,1,1,1,1
MT,1,4,1,1
MT,1,7,4,2
MT,1,8,6,6
MT,1,9,2,2
MT,1,10,1,1
MT,1,16,1,1
MT,2,7,1,1
MT,2,9,1,1
MT,2,17,2,2
MT,3,7,1,1
MT,3,8,4,4
MT,3,9,2,2
MT,4,9,2,2
MT,4,13,1,1
MT,4,14,1,0
MT,4,16,1,0
MT,4,19,1,1
MT,5,5,1,1
MT,5,12,1,1
MT,5,13,1,1
MT,6,10,1,1
MT,6,11,1,1
MT,6,17,1,1
MT,6,18,1,0
NC,0,0,4,4
NC,0,1,7,1
NC,0,2,20,6
NC,0,3,11,1
NC,0,4,537,88
NC,0,5,574,90
NC,0,6,1512,257
NC,0,7,2980,395
NC,0,8,3380,465
NC,0,9,2309,261
NC,0,10,1981,186
NC,0,11,1992,191
NC,0,12,1331,163
NC,0,13,1437,183
NC,0,14,1470,189
NC,0,15,1329,237
NC,0,16,2775,330
NC,0,17,2656,328
NC,0,18,2023,274
NC,0,19,1303,127
NC,0,20,799,101
NC,0,21,603,93
NC,0,22,457,74
NC,0,23,7,3
NC,1,0,2,2
NC,1,1,12,6
NC,1,2,6,4
NC,1,3,7,2
NC,1,4,489,107
NC,1,5,547,100
NC,1,6,1705,298
NC,1,7,3462,512
NC,1,8,3884,542
NC,1,9,2657,362
NC,1,10,2055,199
NC,1,11,2247,222
NC,1,12,1296,138
NC,1,13,1563,182
NC,1,14,1460,194
NC,1,15,1302,213
NC,1,16,2872,340
NC,1,17,2896,370
NC,1,18,2134,253
NC,1,19,1406,152
NC,1,20,809,99
NC,1,21,645,75
NC,1,22,575,61
NC,1,23,18,6
NC,2,0,7,4
NC,2,1,16,2
NC,2,2,11,3
NC,2,3,6,1
NC,2,4,526,109
NC,2,5,471,72
NC,2,6,1620,252
NC,2,7,3424,460
NC,2,8,3915,519
NC,2,9,2519,290
NC,2,10,1995,201
NC,2,11,2216,198
NC,2,12,1338,150
NC,2,13,1578,208
NC,2,14,1470,232
NC,2,15,1339,243
NC,2,16,2772,370
NC,2,17,2944,381
NC,2,18,2211,263
NC,2,19,1513,153
NC,2,20,832,108
NC,2,21,750,89
NC,2,22,540,103
NC,2,23,6,3
NC,3,0,1,1
NC,3,1,12,3
NC,3,2,6,1
NC,3,3,6,0
NC,3,4,495,107
NC,3,5,541,109
NC,3,6,1559,247
NC,3,7,3105,412
NC,3,8,3398,444
NC,3,9,2414,312
NC,3,10,1948,201
NC,3,11,2099,177
NC,3,12,1144,164
NC,3,13,1405,199
NC,3,14,1337,204
NC,3,15,1356,265
NC,3,16,2692,392
NC,3,17,2885,424
NC,3,18,2043,285
NC,3,19,1414,138
NC,3,20,910,101
NC,3,21,758,117
NC,3,22,659,99
NC,3,23,20,3
NC,4,0,4,2
NC,4,1,7,2
NC,4,2,3,2
NC,4,3,10,4
NC,4,4,677,92
NC,4,5,513,84
NC,4,6,1494,216
NC,4,7,2966,361
NC,4,8,2949,348
NC,4,9,2263,252
NC,4,10,2055,214
NC,4,11,2475,248
NC,4,12,1470,254
NC,4,13,1631,281
NC,4,14,1671,317
NC,4,15,1577,410
NC,4,16,2967,515
NC,4,17,2830,441
NC,4,18,2279,341
NC,4,19,1677,200
NC,4,20,972,133
NC,4,21,903,139
NC,4,22,841,110
NC,4,23,22,8
NC,5,0,8,3
NC,5,1,2,1
NC,5,2,7,5
NC,5,3,8,4
NC,5,4,7,4
NC,5,5,4,1
NC,5,6,5,1
NC,5,7,173,97
NC,5,8,166,89
NC,5,9,512,125
NC,5,10,563,154
NC,5,11,713,195
NC,5,12,628,181
NC,5,13,687,185
NC,5,14,729,199
NC,5,15,647,227
NC,5,16,565,191
NC,5,17,287,97
NC,5,18,294,115
NC,5,19,283,94
NC,5,20,167,52
NC,5,21,267,66
NC,5,22,208,69
NC,5,23,9,5
NC,6,0,3,2
NC,6,1,1,1
NC,6,2,2,1
NC,6,3,5,2
NC,6,4,2,2
NC,6,5,2,2
NC,6,6,4,4
NC,6,7,108,65
NC,6,8,85,41
NC,6,9,249,73
NC,6,10,301,100
NC,6,11,405,116
NC,6,12,387,155
NC,6,13,421,185
NC,6,14,504,220
NC,6,15,474,209
NC,6,16,462,198
NC,6,17,296,106
NC,6,18,275,90
NC,6,19,223,82
NC,6,20,146,56
NC,6,21,180,48
NC,6,22,164,63
NC,6,23,8,4
ND,0,5,1,0
ND,0,7,1,1
ND,0,8,1,1
ND,0,18,1,1
ND,1,8,1,1
ND,1,9,1,0
ND,1,17,1,1
ND,1,22,1,1
ND,2,5,1,0
ND,2,8,1,0
ND,2,17,1,1
ND,3,8,1,1
ND,3,11,1,1
ND,3,14,1,1
ND,3,16,1,1
ND,4,13,1,1
ND,4,16,1,0
ND,5,22,1,1
NE,0,0,1,0
NE,0,4,60,12
NE,0,5,108,22
NE,0,6,203,32
NE,0,7,491,85
NE,0,8,542,96
NE,0,9,268,48
NE,0,10,199,22
NE,0,11,211,22
NE,0,12,142,19
NE,0,13,144,20
NE,0,14,140,12
NE,0,15,338,56
NE,0,16,500,69
NE,0,17,543,93
NE,0,18,281,45
NE,0,19,98,6
NE,0,20,57,4
NE,0,21,32,4
NE,0,22,30,3
NE,0,23,3,0
NE,1,0,3,1
NE,1,2,3,1
NE,1,3,1,0
NE,1,4,35,7
NE,1,5,115,20
NE,1,6,260,44
NE,1,7,666,119
NE,1,8,657,110
NE,1,9,309,55
NE,1,10,200,22
NE,1,11,224,17
NE,1,12,139,9
NE,1,13,155,16
NE,1,14,126,13
NE,1,15,365,58
NE,1,16,499,80
NE,1,17,566,106
NE,1,18,309,37
NE,1,19,109,9
NE,1,20,55,7
NE,1,21,22,1
NE,1,22,33,4
NE,1,23,1,0
NE,2,0,2,1
NE,2,3,3,0
NE,2,4,30,6
NE,2,5,99,24
NE,2,6,216,44
NE,2,7,583,124
NE,2,8,673,106
NE,2,9,336,55
NE,2,10,197,20
NE,2,11,224,28
NE,2,12,139,13
NE,2,13,153,12
NE,2,14,130,15
NE,2,15,330,49
NE,2,16,542,104
NE,2,17,550,91
NE,2,18,301,59
NE,2,19,108,12
NE,2,20,71,5
NE,2,21,33,5
NE,2,22,34,6
NE,2,23,3,3
NE,3,0,3,1
NE,3,4,61,15
NE,3,5,113,26
NE,3,6,267,55
NE,3,7,539,92
NE,3,8,534,105
NE,3,9,268,47
NE,3,10,188,23
NE,3,11,197,10
NE,3,12,162,14
NE,3,13,148,16
NE,3,14,116,9
NE,3,15,371,60
NE,3,16,490,80
NE,3,17,625,130
NE,3,18,314,49
NE,3,19,108,12
NE,3,20,61,9
NE,3,21,41,6
NE,3,22,43,6
NE,3,23,2,0
NE,4,0,3,1
NE,4,3,1,1
NE,4,4,39,15
NE,4,5,84,21
NE,4,6,216,44
NE,4,7,463,73
NE,4,8,487,91
NE,4,9,263,39
NE,4,10,223,21
NE,4,11,235,15
NE,4,12,162,11
NE,4,13,189,26
NE,4,14,132,16
NE,4,15,388,79
NE,4,16,488,96
NE,4,17,569,113
NE,4,18,272,43
NE,4,19,99,10
NE,4,20,55,7
NE,4,21,42,6
NE,4,22,40,5
NE,4,23,2,2
NE,5,6,19,8
NE,5,7,29,7
NE,5,8,40,13
NE,5,9,32,14
NE,5,10,56,15
NE,5,11,74,14
NE,5,12,56,10
NE,5,13,53,6
NE,5,14,45,7
NE,5,15,43,7
NE,5,16,25,4
NE,5,17,20,5
NE,5,18,38,6
NE,5,19,26,7
NE,5,20,34,6
NE,5,21,32,3
NE,5,22,1,0
NE,6,6,15,4
NE,6,7,23,8
NE,6,8,29,12
NE,6,9,31,10
NE,6,10,40,12
NE,6,11,66,11
NE,6,12,46,9
NE,6,13,38,5
NE,6,14,41,13
NE,6,15,33,5
NE,6,16,26,3
NE,6,17,19,2
NE,6,18,29,4
NE,6,19,25,4
NE,6,20,25,5
NE,6,21,22,4
NE,6,22,4,0
NH,0,4,29,11
NH,0,5,29,11
NH,0,6,62,12
NH,0,7,101,25
NH,0,8,122,38
NH,0,9,70,21
NH,0,10,79,18
NH,0,11,83,14
NH,0,12,28,12
NH,0,13,50,14
NH,0,14,52,17
NH,0,15,62,22
NH,0,16,123,38
NH,0,17,107,30
NH,0,18,79,18
NH,0,19,38,16
NH,0,20,20,15
NH,0,21,12,5
NH,0,22,18,10
NH,0,23,2,1
NH,1,0,1,0
NH,1,1,1,0
NH,1,2,1,0
NH,1,3,3,1
NH,1,4,24,11
NH,1,5,31,9
NH,1,6,62,14
NH,1,7,130,41
NH,1,8,95,22
NH,1,9,74,18
NH,1,10,85,18
NH,1,11,61,10
NH,1,12,32,8
NH,1,13,47,17
NH,1,14,44,13
NH,1,15,47,17
NH,1,16,122,29
NH,1,17,125,25
NH,1,18,69,22
NH,1,19,34,13
NH,1,20,17,9
NH,1,21,12,7
NH,1,22,6,2
NH,2,3,2,2
NH,2,4,23,5
NH,2,5,28,9
NH,2,6,63,18
NH,2,7,114,30
NH,2,8,116,29
NH,2,9,69,13
NH,2,10,74,9
NH,2,11,59,8
NH,2,12,28,5
NH,2,13,46,18
NH,2,14,43,14
NH,2,15,48,19
NH,2,16,83,27
NH,2,17,126,32
NH,2,18,72,11
NH,2,19,32,10
NH,2,20,21,12
NH,2,21,11,8
NH,2,22,3,0
NH,3,4,17,6
NH,3,5,33,8
NH,3,6,69,20
NH,3,7,94,24
NH,3,8,116,31
NH,3,9,71,14
NH,3,10,64,12
NH,3,11,78,16
NH,3,12,41,15
NH,3,13,46,16
NH,3,14,35,6
NH,3,15,45,12
NH,3,16,107,25
NH,3,17,106,25
NH,3,18,82,25
NH,3,19,29,10
NH,3,20,13,5
NH,3,21,8,3
NH,3,22,13,5
NH,4,3,1,1
NH,4,4,24,6
NH,4,5,27,8
NH,4,6,57,20
NH,4,7,107,31
NH,4,8,94,25
NH,4,9,64,18
NH,4,10,86,25
NH,4,11,80,19
NH,4,12,26,12
NH,4,13,53,23
NH,4,14,54,25
NH,4,15,69,26
NH,4,16,112,39
NH,4,17,139,47
NH,4,18,95,25
NH,4,19,42,10
NH,4,20,25,11
NH,4,21,14,7
NH,4,22,9,7
NH,5,7,13,8
NH,5,8,19,11
NH,5,9,13,6
NH,5,10,17,9
NH,5,11,24,18
NH,5,12,17,13
NH,5,13,22,14
NH,5,14,17,9
NH,5,15,16,13
NH,5,16,17,12
NH,5,17,14,10
NH,5,18,12,9
NH,5,19,8,5
NH,5,20,5,3
NH,5,21,7,5
NH,5,22,8,6
NH,6,3,1,1
NH,6,7,18,15
NH,6,8,16,14
NH,6,9,13,11
NH,6,10,24,14
NH,6,11,24,17
NH,6,12,25,16
NH,6,13,18,14
NH,6,14,15,11
NH,6,15,22,17
NH,6,16,22,14
NH,6,17,11,4
NH,6,18,8,7
NH,6,19,11,8
NH,6,20,16,11
NH,6,21,3,1
NH,6,22,8,8
NJ,0,0,83,24
NJ,0,1,34,20
NJ,0,2,42,20
NJ,0,3,35,22
NJ,0,4,171,58
NJ,0,5,243,109
NJ,0,6,545,209
NJ,0,7,960,293
NJ,0,8,995,294
NJ,0,9,566,176
NJ,0,10,561,169
NJ,0,11,527,137
NJ,0,12,221,75
NJ,0,13,320,127
NJ,0,14,337,116
NJ,0,15,350,136
NJ,0,16,478,177
NJ,0,17,425,160
NJ,0,18,323,127
NJ,0,19,218,68
NJ,0,20,168,53
NJ,0,21,112,32
NJ,0,22,62,19
NJ,0,23,79,23
NJ,1,0,35,17
NJ,1,1,34,20
NJ,1,2,23,10
NJ,1,3,30,13
NJ,1,4,168,56
NJ,1,5,242,90
NJ,1,6,632,232
NJ,1,7,1066,370
NJ,1,8,981,297
NJ,1,9,648,187
NJ,1,10,527,163
NJ,1,11,513,130
NJ,1,12,255,100
NJ,1,13,300,110
NJ,1,14,336,126
NJ,1,15,356,120
NJ,1,16,507,205
NJ,1,17,515,192
NJ,1,18,361,136
NJ,1,19,237,79
NJ,1,20,132,31
NJ,1,21,102,26
NJ,1,22,87,25
NJ,1,23,102,29
NJ,2,0,25,13
NJ,2,1,27,12
NJ,2,2,39,14
NJ,2,3,28,12
NJ,2,4,152,43
NJ,2,5,244,83
NJ,2,6,579,194
NJ,2,7,1050,318
NJ,2,8,1105,332
NJ,2,9,586,209
NJ,2,10,527,147
NJ,2,11,500,113
NJ,2,12,220,61
NJ,2,13,323,121
NJ,2,14,357,100
NJ,2,15,385,132
NJ,2,16,530,195
NJ,2,17,537,213
NJ,2,18,450,158
NJ,2,19,277,91
NJ,2,20,178,59
NJ,2,21,142,45
NJ,2,22,89,32
NJ,2,23,82,21
NJ,3,0,38,18
NJ,3,1,25,11
NJ,3,2,32,16
NJ,3,3,37,19
NJ,3,4,134,51
NJ,3,5,250,100
NJ,3,6,616,215
NJ,3,7,1035,309
NJ,3,8,1000,323
NJ,3,9,600,190
NJ,3,10,527,141
NJ,3,11,509,123
NJ,3,12,223,77
NJ,3,13,346,128
NJ,3,14,392,148
NJ,3,15,419,149
NJ,3,16,536,196
NJ,3,17,615,245
NJ,3,18,474,187
NJ,3,19,346,109
NJ,3,20,207,68
NJ,3,21,159,51
NJ,3,22,100,35
NJ,3,23,133,43
NJ,4,0,44,15
NJ,4,1,27,8
NJ,4,2,33,16
NJ,4,3,51,25
NJ,4,4,223,81
NJ,4,5,271,113
NJ,4,6,511,188
NJ,4,7,805,273
NJ,4,8,832,234
NJ,4,9,528,145
NJ,4,10,505,111
NJ,4,11,541,117
NJ,4,12,279,91
NJ,4,13,378,122
NJ,4,14,461,154
NJ,4,15,458,180
NJ,4,16,576,225
NJ,4,17,517,201
NJ,4,18,442,170
NJ,4,19,331,122
NJ,4,20,205,69
NJ,4,21,153,45
NJ,4,22,112,35
NJ,4,23,132,28
NJ,5,0,52,19
NJ,5,1,57,28
NJ,5,2,76,34
NJ,5,3,58,28
NJ,5,4,58,28
NJ,5,5,56,32
NJ,5,6,70,32
NJ,5,7,123,64
NJ,5,8,133,59
NJ,5,9,150,59
NJ,5,10,189,83
NJ,5,11,188,91
NJ,5,12,241,107
NJ,5,13,236,113
NJ,5,14,255,113
NJ,5,15,240,103
NJ,5,16,243,105
NJ,5,17,236,90
NJ,5,18,200,81
NJ,5,19,173,65
NJ,5,20,128,48
NJ,5,21,98,31
NJ,5,22,93,31
NJ,5,23,81,21
NJ,6,0,104,32
NJ,6,1,57,19
NJ,6,2,86,34
NJ,6,3,73,29
NJ,6,4,70,30
NJ,6,5,69,28
NJ,6,6,49,20
NJ,6,7,122,42
NJ,6,8,103,44
NJ,6,9,102,45
NJ,6,10,149,64
NJ,6,11,149,66
NJ,6,12,212,77
NJ,6,13,253,115
NJ,6,14,228,101
NJ,6,15,209,93
NJ,6,16,190,93
NJ,6,17,184,98
NJ,6,18,168,92
NJ,6,19,147,77
NJ,6,20,105,55
NJ,6,21,111,42
NJ,6,22,85,48
NJ,6,23,46,17
NM,0,3,1,0
NM,0,4,18,11
NM,0,5,24,2
NM,0,6,45,9
NM,0,7,171,44
NM,0,8,148,42
NM,0,9,93,30
NM,0,10,24,6
NM,0,11,33,15
NM,0,12,43,14
NM,0,13,31,7
NM,0,14,57,22
NM,0,15,88,43
NM,0,16,98,52
NM,0,17,88,41
NM,0,18,53,29
NM,0,19,15,7
NM,0,20,9,4
NM,0,21,4,3
NM,0,22,8,5
NM,1,3,1,1
NM,1,4,14,7
NM,1,5,25,8
NM,1,6,51,17
NM,1,7,193,66
NM,1,8,175,65
NM,1,9,97,40
NM,1,10,28,7
NM,1,11,40,11
NM,1,12,54,18
NM,1,13,31,10
NM,1,14,66,25
NM,1,15,95,51
NM,1,16,115,71
NM,1,17,109,59
NM,1,18,60,33
NM,1,19,17,8
NM,1,20,14,6
NM,1,21,6,3
NM,1,22,5,4
NM,2,4,17,9
NM,2,5,21,5
NM,2,6,60,24
NM,2,7,192,68
NM,2,8,153,54
NM,2,9,96,27
NM,2,10,35,14
NM,2,11,42,11
NM,2,12,56,16
NM,2,13,38,8
NM,2,14,80,47
NM,2,15,113,62
NM,2,16,127,74
NM,2,17,126,63
NM,2,18,78,35
NM,2,19,23,11
NM,2,20,15,7
NM,2,21,9,7
NM,2,22,6,4
NM,2,23,1,1
NM,3,2,1,0
NM,3,4,14,8
NM,3,5,13,5
NM,3,6,54,20
NM,3,7,175,60
NM,3,8,166,52
NM,3,9,107,37
NM,3,10,37,15
NM,3,11,49,16
NM,3,12,56,19
NM,3,13,62,24
NM,3,14,79,44
NM,3,15,114,63
NM,3,16,151,64
NM,3,17,118,52
NM,3,18,67,34
NM,3,19,22,12
NM,3,20,12,5
NM,3,21,10,5
NM,3,22,5,2
NM,3,23,1,1
NM,4,1,1,1
NM,4,3,2,1
NM,4,4,4,2
NM,4,5,18,6
NM,4,6,53,13
NM,4,7,185,52
NM,4,8,153,46
NM,4,9,84,24
NM,4,10,48,20
NM,4,11,53,19
NM,4,12,65,20
NM,4,13,83,38
NM,4,14,120,56
NM,4,15,198,74
NM,4,16,184,69
NM,4,17,169,39
NM,4,18,92,34
NM,4,19,61,14
NM,4,20,25,6
NM,4,21,15,3
NM,4,22,13,1
NM,5,5,12,9
NM,5,6,7,5
NM,5,7,11,5
NM,5,8,10,7
NM,5,9,18,13
NM,5,10,24,9
NM,5,11,19,9
NM,5,12,15,6
NM,5,13,21,14
NM,5,14,18,13
NM,5,15,10,2
NM,5,16,7,3
NM,5,17,31,11
NM,5,18,12,6
NM,5,19,5,0
NM,5,20,5,4
NM,5,21,2,2
NM,6,5,11,9
NM,6,6,7,5
NM,6,7,11,8
NM,6,8,12,11
NM,6,9,9,4
NM,6,10,22,11
NM,6,11,12,4
NM,6,12,15,8
NM,6,13,20,16
NM,6,14,10,6
NM,6,15,9,4
NM,6,16,12,8
NM,6,17,11,4
NM,6,18,11,4
NM,6,19,13,4
NM,6,20,5,4
NM,6,21,2,1
NM,6,22,1,1
NV,0,4,88,23
NV,0,5,107,26
NV,0,6,202,38
NV,0,7,254,68
NV,0,8,171,45
NV,0,9,102,25
NV,0,10,84,30
NV,0,11,85,28
NV,0,12,77,19
NV,0,13,99,26
NV,0,14,71,23
NV,0,15,101,45
NV,0,16,106,42
NV,0,17,138,62
NV,0,18,78,29
NV,0,19,43,12
NV,0,20,31,13
NV,0,21,29,9
NV,0,22,3,2
NV,1,1,1,1
NV,1,2,1,1
NV,1,3,8,2
NV,1,4,67,17
NV,1,5,107,35
NV,1,6,181,46
NV,1,7,271,62
NV,1,8,182,45
NV,1,9,111,32
NV,1,10,68,13
NV,1,11,90,23
NV,1,12,85,24
NV,1,13,96,24
NV,1,14,79,21
NV,1,15,136,55
NV,1,16,150,52
NV,1,17,154,62
NV,1,18,86,28
NV,1,19,45,18
NV,1,20,25,5
NV,1,21,42,10
NV,1,22,2,1
NV,2,2,1,0
NV,2,3,6,1
NV,2,4,78,18
NV,2,5,99,24
NV,2,6,151,42
NV,2,7,240,43
NV,2,8,191,51
NV,2,9,136,41
NV,2,10,64,14
NV,2,11,71,33
NV,2,12,91,22
NV,2,13,102,21
NV,2,14,81,23
NV,2,15,117,39
NV,2,16,145,56
NV,2,17,173,77
NV,2,18,104,42
NV,2,19,48,18
NV,2,20,38,12
NV,2,21,36,10
NV,2,22,4,1
NV,2,23,1,1
NV,3,3,7,1
NV,3,4,88,28
NV,3,5,101,22
NV,3,6,199,63
NV,3,7,260,60
NV,3,8,197,60
NV,3,9,105,26
NV,3,10,74,15
NV,3,11,64,27
NV,3,12,102,37
NV,3,13,108,27
NV,3,14,83,27
NV,3,15,129,45
NV,3,16,162,57
NV,3,17,169,81
NV,3,18,102,39
NV,3,19,53,17
NV,3,20,33,16
NV,3,21,23,8
NV,3,22,2,1
NV,4,3,9,2
NV,4,4,75,27
NV,4,5,104,22
NV,4,6,109,28
NV,4,7,205,57
NV,4,8,166,43
NV,4,9,109,30
NV,4,10,87,19
NV,4,11,90,43
NV,4,12,132,40
NV,4,13,115,35
NV,4,14,124,42
NV,4,15,173,60
NV,4,16,176,78
NV,4,17,151,66
NV,4,18,121,45
NV,4,19,60,17
NV,4,20,65,19
NV,4,21,31,12
NV,4,22,4,2
NV,4,23,1,0
NV,5,4,17,7
NV,5,5,22,7
NV,5,6,14,2
NV,5,7,32,12
NV,5,8,31,10
NV,5,9,17,7
NV,5,10,28,9
NV,5,11,30,12
NV,5,12,17,3
NV,5,13,24,7
NV,5,14,17,9
NV,5,15,12,4
NV,5,16,15,7
NV,5,17,15,6
NV,5,18,13,4
NV,5,19,7,1
NV,5,23,1,1
NV,6,4,18,8
NV,6,5,21,10
NV,6,6,29,12
NV,6,7,22,8
NV,6,8,21,7
NV,6,9,31,9
NV,6,10,22,9
NV,6,11,21,7
NV,6,12,14,2
NV,6,13,14,5
NV,6,14,29,8
NV,6,15,17,7
NV,6,16,12,5
NV,6,17,11,1
NV,6,18,17,10
NV,6,19,9,1
NV,6,22,1,1
NY,0,0,219,129
NY,0,1,89,52
NY,0,2,99,66
NY,0,3,97,54
NY,0,4,643,186
NY,0,5,930,298
NY,0,6,1948,574
NY,0,7,3301,834
NY,0,8,3367,931
NY,0,9,1585,514
NY,0,10,1396,462
NY,0,11,1434,424
NY,0,12,860,332
NY,0,13,874,395
NY,0,14,970,457
NY,0,15,1090,521
NY,0,16,1433,605
NY,0,17,1514,704
NY,0,18,1058,491
NY,0,19,787,364
NY,0,20,554,284
NY,0,21,380,218
NY,0,22,293,174
NY,0,23,244,132
NY,1,0,151,108
NY,1,1,81,53
NY,1,2,79,43
NY,1,3,91,58
NY,1,4,597,183
NY,1,5,944,324
NY,1,6,2251,694
NY,1,7,3786,957
NY,1,8,3978,1037
NY,1,9,1807,598
NY,1,10,1438,447
NY,1,11,1423,416
NY,1,12,836,325
NY,1,13,935,443
NY,1,14,969,446
NY,1,15,1081,499
NY,1,16,1507,675
NY,1,17,1597,750
NY,1,18,1124,509
NY,1,19,800,400
NY,1,20,608,331
NY,1,21,436,247
NY,1,22,305,169
NY,1,23,257,133
NY,2,0,149,90
NY,2,1,70,44
NY,2,2,68,31
NY,2,3,76,43
NY,2,4,612,159
NY,2,5,927,307
NY,2,6,2096,586
NY,2,7,3612,885
NY,2,8,3860,1022
NY,2,9,1778,571
NY,2,10,1516,430
NY,2,11,1471,428
NY,2,12,837,307
NY,2,13,856,350
NY,2,14,919,425
NY,2,15,1080,504
NY,2,16,1496,689
NY,2,17,1668,807
NY,2,18,1077,503
NY,2,19,857,404
NY,2,20,590,306
NY,2,21,432,230
NY,2,22,323,198
NY,2,23,246,162
NY,3,0,156,101
NY,3,1,66,40
NY,3,2,59,26
NY,3,3,100,64
NY,3,4,606,192
NY,3,5,857,289
NY,3,6,2032,568
NY,3,7,3349,830
NY,3,8,3521,929
NY,3,9,1659,522
NY,3,10,1476,487
NY,3,11,1469,412
NY,3,12,891,339
NY,3,13,897,403
NY,3,14,929,418
NY,3,15,1100,528
NY,3,16,1509,737
NY,3,17,1585,804
NY,3,18,1054,513
NY,3,19,787,399
NY,3,20,607,330
NY,3,21,501,271
NY,3,22,322,181
NY,3,23,290,175
NY,4,0,160,110
NY,4,1,82,55
NY,4,2,92,58
NY,4,3,121,72
NY,4,4,760,213
NY,4,5,961,325
NY,4,6,1915,529
NY,4,7,3111,778
NY,4,8,3089,746
NY,4,9,1578,457
NY,4,10,1539,444
NY,4,11,1635,414
NY,4,12,990,385
NY,4,13,1025,473
NY,4,14,1110,584
NY,4,15,1146,580
NY,4,16,1585,819
NY,4,17,1607,841
NY,4,18,1111,537
NY,4,19,917,477
NY,4,20,745,395
NY,4,21,529,288
NY,4,22,374,223
NY,4,23,296,173
NY,5,0,185,104
NY,5,1,147,96
NY,5,2,200,144
NY,5,3,153,110
NY,5,4,189,123
NY,5,5,178,120
NY,5,6,197,140
NY,5,7,374,259
NY,5,8,470,298
NY,5,9,441,280
NY,5,10,418,270
NY,5,11,515,311
NY,5,12,622,358
NY,5,13,636,390
NY,5,14,751,468
NY,5,15,536,345
NY,5,16,618,390
NY,5,17,532,361
NY,5,18,544,368
NY,5,19,413,286
NY,5,20,398,272
NY,5,21,306,207
NY,5,22,293,206
NY,5,23,214,107
NY,6,0,278,137
NY,6,1,204,124
NY,6,2,201,131
NY,6,3,163,118
NY,6,4,208,141
NY,6,5,215,155
NY,6,6,176,121
NY,6,7,356,223
NY,6,8,379,231
NY,6,9,367,218
NY,6,10,423,271
NY,6,11,498,310
NY,6,12,621,396
NY,6,13,665,416
NY,6,14,757,515
NY,6,15,641,436
NY,6,16,625,430
NY,6,17,554,386
NY,6,18,565,389
NY,6,19,433,297
NY,6,20,406,266
NY,6,21,324,233
NY,6,22,263,182
NY,6,23,160,82
OH,0,0,2,2
OH,0,1,2,2
OH,0,2,2,2
OH,0,3,3,2
OH,0,4,428,115
OH,0,5,493,130
OH,0,6,1096,367
OH,0,7,2141,653
OH,0,8,1981,536
OH,0,9,436,188
OH,0,10,565,179
OH,0,11,557,169
OH,0,12,444,216
OH,0,13,406,217
OH,0,14,446,257
OH,0,15,553,321
OH,0,16,1106,444
OH,0,17,1058,445
OH,0,18,658,307
OH,0,19,405,174
OH,0,20,157,99
OH,0,21,62,38
OH,0,22,42,29
OH,0,23,4,3
OH,1,1,2,2
OH,1,2,1,0
OH,1,3,2,1
OH,1,4,431,116
OH,1,5,511,141
OH,1,6,1238,418
OH,1,7,2556,812
OH,1,8,2331,715
OH,1,9,490,188
OH,1,10,608,200
OH,1,11,531,175
OH,1,12,396,226
OH,1,13,332,155
OH,1,14,425,230
OH,1,15,563,302
OH,1,16,1255,565
OH,1,17,1162,540
OH,1,18,754,362
OH,1,19,409,178
OH,1,20,124,68
OH,1,21,54,34
OH,1,22,48,30
OH,1,23,6,4
OH,2,2,5,3
OH,2,4,428,110
OH,2,5,527,154
OH,2,6,1209,393
OH,2,7,2383,780
OH,2,8,2230,637
OH,2,9,493,201
OH,2,10,576,176
OH,2,11,521,152
OH,2,12,381,190
OH,2,13,396,211
OH,2,14,446,229
OH,2,15,593,312
OH,2,16,1179,517
OH,2,17,1193,577
OH,2,18,816,383
OH,2,19,443,193
OH,2,20,128,82
OH,2,21,63,34
OH,2,22,31,21
OH,2,23,2,1
OH,3,0,2,2
OH,3,2,2,2
OH,3,3,2,1
OH,3,4,426,120
OH,3,5,513,157
OH,3,6,1069,347
OH,3,7,2319,678
OH,3,8,2090,600
OH,3,9,422,165
OH,3,10,541,178
OH,3,11,530,167
OH,3,12,396,212
OH,3,13,355,170
OH,3,14,466,251
OH,3,15,660,400
OH,3,16,1198,549
OH,3,17,1169,588
OH,3,18,799,404
OH,3,19,497,236
OH,3,20,146,93
OH,3,21,59,40
OH,3,22,58,33
OH,3,23,1,0
OH,4,1,2,2
OH,4,3,3,3
OH,4,4,461,128
OH,4,5,488,146
OH,4,6,1118,331
OH,4,7,1830,531
OH,4,8,1738,415
OH,4,9,375,134
OH,4,10,554,201
OH,4,11,551,179
OH,4,12,471,252
OH,4,13,428,222
OH,4,14,550,323
OH,4,15,652,371
OH,4,16,1233,556
OH,4,17,1173,622
OH,4,18,866,417
OH,4,19,443,212
OH,4,20,149,93
OH,4,21,69,38
OH,4,22,64,35
OH,4,23,2,2
OH,5,0,2,1
OH,5,1,1,1
OH,5,3,1,1
OH,5,4,1,1
OH,5,5,3,3
OH,5,6,2,2
OH,5,7,104,90
OH,5,8,107,84
OH,5,9,105,81
OH,5,10,130,105
OH,5,11,158,112
OH,5,12,199,152
OH,5,13,166,128
OH,5,14,179,141
OH,5,15,89,77
OH,5,16,84,64
OH,5,17,89,81
OH,5,18,62,53
OH,5,19,40,32
OH,5,20,42,29
OH,5,21,37,26
OH,5,22,22,17
OH,5,23,2,0
OH,6,2,1,0
OH,6,3,3,3
OH,6,5,2,2
OH,6,6,5,5
OH,6,7,97,83
OH,6,8,74,63
OH,6,9,94,71
OH,6,10,134,97
OH,6,11,111,82
OH,6,12,148,127
OH,6,13,162,126
OH,6,14,159,127
OH,6,15,91,77
OH,6,16,76,66
OH,6,17,106,101
OH,6,18,74,65
OH,6,19,61,46
OH,6,20,36,30
OH,6,21,43,37
OH,6,22,23,17
OK,0,0,1,1
OK,0,3,6,0
OK,0,4,256,25
OK,0,5,204,31
OK,0,6,557,66
OK,0,7,1083,113
OK,0,8,1196,122
OK,0,9,696,42
OK,0,10,751,59
OK,0,11,758,59
OK,0,12,497,32
OK,0,13,525,35
OK,0,14,531,28
OK,0,15,1066,64
OK,0,16,1196,82
OK,0,17,1194,95
OK,0,18,1075,59
OK,0,19,520,28
OK,0,20,296,13
OK,0,21,352,18
OK,0,22,187,15
OK,0,23,3,0
OK,1,0,3,0
OK,1,1,4,0
OK,1,2,1,0
OK,1,3,5,4
OK,1,4,221,25
OK,1,5,219,26
OK,1,6,520,80
OK,1,7,1247,155
OK,1,8,1280,124
OK,1,9,710,54
OK,1,10,771,56
OK,1,11,803,58
OK,1,12,525,38
OK,1,13,528,32
OK,1,14,502,31
OK,1,15,1051,73
OK,1,16,1272,126
OK,1,17,1162,83
OK,1,18,1162,81
OK,1,19,490,27
OK,1,20,317,17
OK,1,21,326,21
OK,1,22,248,12
OK,1,23,17,1
OK,2,0,1,0
OK,2,4,232,33
OK,2,5,263,51
OK,2,6,550,93
OK,2,7,1181,114
OK,2,8,1310,133
OK,2,9,737,53
OK,2,10,740,53
OK,2,11,778,49
OK,2,12,537,25
OK,2,13,526,42
OK,2,14,525,39
OK,2,15,1107,81
OK,2,16,1304,117
OK,2,17,1233,87
OK,2,18,1075,80
OK,2,19,516,32
OK,2,20,349,20
OK,2,21,378,23
OK,2,22,202,17
OK,2,23,8,0
OK,3,3,6,0
OK,3,4,260,36
OK,3,5,223,41
OK,3,6,471,59
OK,3,7,1054,110
OK,3,8,1262,128
OK,3,9,716,62
OK,3,10,743,47
OK,3,11,817,63
OK,3,12,465,20
OK,3,13,508,29
OK,3,14,486,27
OK,3,15,1068,83
OK,3,16,1176,102
OK,3,17,1224,79
OK,3,18,1084,68
OK,3,19,541,37
OK,3,20,292,20
OK,3,21,373,24
OK,3,22,235,12
OK,3,23,4,0
OK,4,3,5,0
OK,4,4,318,31
OK,4,5,207,30
OK,4,6,509,67
OK,4,7,1069,117
OK,4,8,1133,83
OK,4,9,787,47
OK,4,10,808,71
OK,4,11,831,48
OK,4,12,553,44
OK,4,13,579,64
OK,4,14,602,37
OK,4,15,1167,94
OK,4,16,1273,122
OK,4,17,1087,83
OK,4,18,1162,76
OK,4,19,626,50
OK,4,20,305,15
OK,4,21,476,33
OK,4,22,301,21
OK,4,23,16,4
OK,5,6,56,12
OK,5,7,79,17
OK,5,8,75,15
OK,5,9,118,23
OK,5,10,137,21
OK,5,11,130,23
OK,5,12,138,22
OK,5,13,131,24
OK,5,14,153,24
OK,5,15,163,15
OK,5,16,137,18
OK,5,17,107,18
OK,5,18,103,7
OK,5,19,60,5
OK,5,20,83,12
OK,5,21,69,8
OK,6,6,34,8
OK,6,7,49,9
OK,6,8,68,14
OK,6,9,90,12
OK,6,10,84,13
OK,6,11,106,18
OK,6,12,150,18
OK,6,13,103,13
OK,6,14,135,6
OK,6,15,103,14
OK,6,16,103,16
OK,6,17,109,16
OK,6,18,84,10
OK,6,19,78,11
OK,6,20,71,7
OK,6,21,65,6
OR,0,1,4,2
OR,0,2,5,2
OR,0,3,9,2
OR,0,4,207,55
OR,0,5,292,69
OR,0,6,375,67
OR,0,7,633,111
OR,0,8,539,93
OR,0,9,192,44
OR,0,10,190,53
OR,0,11,208,84
OR,0,12,161,57
OR,0,13,150,52
OR,0,14,164,40
OR,0,15,181,70
OR,0,16,203,55
OR,0,17,189,60
OR,0,18,159,44
OR,0,19,138,39
OR,0,20,68,24
OR,0,21,61,16
OR,0,22,14,5
OR,0,23,4,1
OR,1,0,2,2
OR,1,1,7,2
OR,1,2,6,3
OR,1,3,9,6
OR,1,4,217,70
OR,1,5,268,64
OR,1,6,355,79
OR,1,7,696,124
OR,1,8,590,106
OR,1,9,232,72
OR,1,10,196,53
OR,1,11,210,79
OR,1,12,163,64
OR,1,13,166,48
OR,1,14,174,58
OR,1,15,177,64
OR,1,16,186,44
OR,1,17,208,56
OR,1,18,186,55
OR,1,19,126,23
OR,1,20,66,21
OR,1,21,55,17
OR,1,22,10,6
OR,1,23,2,1
OR,2,0,2,1
OR,2,1,2,1
OR,2,2,6,3
OR,2,3,7,1
OR,2,4,192,44
OR,2,5,284,64
OR,2,6,363,84
OR,2,7,605,107
OR,2,8,576,92
OR,2,9,212,56
OR,2,10,197,74
OR,2,11,177,65
OR,2,12,136,51
OR,2,13,159,58
OR,2,14,161,49
OR,2,15,196,80
OR,2,16,178,62
OR,2,17,192,68
OR,2,18,169,54
OR,2,19,122,28
OR,2,20,49,20
OR,2,21,45,16
OR,2,22,17,13
OR,2,23,4,3
OR,3,0,1,0
OR,3,1,3,1
OR,3,2,3,2
OR,3,3,2,1
OR,3,4,215,55
OR,3,5,265,75
OR,3,6,367,76
OR,3,7,677,127
OR,3,8,561,94
OR,3,9,206,48
OR,3,10,176,56
OR,3,11,190,65
OR,3,12,167,57
OR,3,13,163,59
OR,3,14,195,75
OR,3,15,202,70
OR,3,16,204,55
OR,3,17,249,75
OR,3,18,175,67
OR,3,19,143,33
OR,3,20,66,14
OR,3,21,62,24
OR,3,22,9,4
OR,3,23,3,3
OR,4,0,1,1
OR,4,1,8,4
OR,4,2,5,2
OR,4,3,2,1
OR,4,4,234,56
OR,4,5,254,44
OR,4,6,336,78
OR,4,7,556,99
OR,4,8,523,100
OR,4,9,257,80
OR,4,10,201,82
OR,4,11,184,61
OR,4,12,169,66
OR,4,13,184,68
OR,4,14,210,75
OR,4,15,225,98
OR,4,16,227,72
OR,4,17,255,79
OR,4,18,185,66
OR,4,19,138,39
OR,4,20,78,38
OR,4,21,64,19
OR,4,22,28,23
OR,4,23,9,8
OR,5,0,1,1
OR,5,1,3,2
OR,5,2,4,3
OR,5,3,1,1
OR,5,4,66,32
OR,5,5,45,21
OR,5,6,87,33
OR,5,7,82,35
OR,5,8,85,37
OR,5,9,84,32
OR,5,10,106,44
OR,5,11,112,57
OR,5,12,136,69
OR,5,13,146,84
OR,5,14,116,58
OR,5,15,90,42
OR,5,16,92,51
OR,5,17,74,39
OR,5,18,74,37
OR,5,19,47,17
OR,5,20,5,3
OR,5,21,2,0
OR,5,22,6,5
OR,5,23,2,2
OR,6,0,2,1
OR,6,2,4,3
OR,6,3,2,2
OR,6,4,58,28
OR,6,5,70,30
OR,6,6,75,38
OR,6,7,63,25
OR,6,8,73,26
OR,6,9,74,29
OR,6,10,91,40
OR,6,11,104,41
OR,6,12,119,63
OR,6,13,110,67
OR,6,14,102,51
OR,6,15,72,32
OR,6,16,65,37
OR,6,17,73,36
OR,6,18,52,24
OR,6,19,47,34
OR,6,20,4,3
OR,6,21,3,2
OR,6,22,2,2
OR,6,23,5,3
PA,0,0,7,6
PA,0,1,1,1
PA,0,2,6,4
PA,0,3,9,3
PA,0,4,686,169
PA,0,5,829,148
PA,0,6,1806,294
PA,0,7,2993,408
PA,0,8,2994,380
PA,0,9,946,178
PA,0,10,1050,226
PA,0,11,1035,214
PA,0,12,641,178
PA,0,13,655,186
PA,0,14,820,247
PA,0,15,826,285
PA,0,16,1161,326
PA,0,17,1327,317
PA,0,18,819,223
PA,0,19,593,162
PA,0,20,419,117
PA,0,21,293,109
PA,0,22,258,111
PA,0,23,13,8
PA,1,0,3,3
PA,1,1,1,0
PA,1,2,5,3
PA,1,3,3,2
PA,1,4,598,147
PA,1,5,869,162
PA,1,6,1940,292
PA,1,7,3403,454
PA,1,8,3475,405
PA,1,9,979,207
PA,1,10,1182,253
PA,1,11,1142,193
PA,1,12,615,175
PA,1,13,689,192
PA,1,14,807,233
PA,1,15,828,262
PA,1,16,1191,327
PA,1,17,1328,364
PA,1,18,903,262
PA,1,19,679,188
PA,1,20,416,115
PA,1,21,267,114
PA,1,22,273,107
PA,1,23,6,4
PA,2,0,3,3
PA,2,1,7,7
PA,2,2,3,3
PA,2,3,5,5
PA,2,4,688,155
PA,2,5,850,150
PA,2,6,1999,342
PA,2,7,3300,421
PA,2,8,3352,414
PA,2,9,1033,197
PA,2,10,1140,219
PA,2,11,1163,213
PA,2,12,627,172
PA,2,13,671,221
PA,2,14,760,235
PA,2,15,836,276
PA,2,16,1198,334
PA,2,17,1400,416
PA,2,18,827,255
PA,2,19,665,199
PA,2,20,431,131
PA,2,21,272,108
PA,2,22,247,108
PA,2,23,6,3
PA,3,0,1,1
PA,3,1,4,4
PA,3,2,11,2
PA,3,3,22,6
PA,3,4,707,169
PA,3,5,862,127
PA,3,6,2002,329
PA,3,7,3134,394
PA,3,8,3170,346
PA,3,9,914,184
PA,3,10,1106,238
PA,3,11,1044,214
PA,3,12,621,162
PA,3,13,720,206
PA,3,14,842,269
PA,3,15,792,311
PA,3,16,1161,375
PA,3,17,1383,377
PA,3,18,814,257
PA,3,19,613,174
PA,3,20,478,136
PA,3,21,333,128
PA,3,22,218,101
PA,3,23,14,9
PA,4,0,3,3
PA,4,1,2,1
PA,4,2,4,1
PA,4,3,1,1
PA,4,4,725,174
PA,4,5,832,136
PA,4,6,1759,268
PA,4,7,2853,361
PA,4,8,2843,323
PA,4,9,1007,197
PA,4,10,1190,250
PA,4,11,1200,208
PA,4,12,729,197
PA,4,13,842,279
PA,4,14,834,308
PA,4,15,888,361
PA,4,16,1299,437
PA,4,17,1437,407
PA,4,18,949,315
PA,4,19,733,230
PA,4,20,507,166
PA,4,21,298,125
PA,4,22,293,126
PA,4,23,15,10
PA,5,0,2,1
PA,5,1,6,6
PA,5,2,4,4
PA,5,3,4,4
PA,5,4,4,3
PA,5,5,2,2
PA,5,6,9,8
PA,5,7,258,149
PA,5,8,307,164
PA,5,9,315,166
PA,5,10,261,145
PA,5,11,383,191
PA,5,12,415,221
PA,5,13,435,240
PA,5,14,435,221
PA,5,15,352,205
PA,5,16,349,196
PA,5,17,271,136
PA,5,18,305,146
PA,5,19,252,128
PA,5,20,171,86
PA,5,21,170,88
PA,5,22,174,104
PA,5,23,4,4
PA,6,0,4,2
PA,6,1,5,4
PA,6,2,2,2
PA,6,3,5,4
PA,6,4,2,1
PA,6,5,1,1
PA,6,6,5,5
PA,6,7,241,136
PA,6,8,233,133
PA,6,9,229,132
PA,6,10,270,139
PA,6,11,298,151
PA,6,12,374,194
PA,6,13,443,238
PA,6,14,443,258
PA,6,15,300,206
PA,6,16,352,217
PA,6,17,300,185
PA,6,18,282,173
PA,6,19,241,158
PA,6,20,214,130
PA,6,21,183,105
PA,6,22,187,110
PA,6,23,7,5
RI,0,1,1,0
RI,0,2,3,1
RI,0,3,3,2
RI,0,4,26,10
RI,0,5,33,19
RI,0,6,81,45
RI,0,7,182,97
RI,0,8,245,139
RI,0,9,129,57
RI,0,10,85,34
RI,0,11,87,47
RI,0,12,39,24
RI,0,13,54,36
RI,0,14,90,60
RI,0,15,110,78
RI,0,16,214,117
RI,0,17,206,136
RI,0,18,92,49
RI,0,19,47,31
RI,0,20,45,24
RI,0,21,38,29
RI,0,22,28,20
RI,0,23,2,2
RI,1,0,2,2
RI,1,2,1,1
RI,1,4,20,10
RI,1,5,52,23
RI,1,6,94,56
RI,1,7,237,123
RI,1,8,265,141
RI,1,9,134,71
RI,1,10,114,54
RI,1,11,78,37
RI,1,12,51,37
RI,1,13,60,38
RI,1,14,100,70
RI,1,15,131,99
RI,1,16,267,154
RI,1,17,288,176
RI,1,18,137,77
RI,1,19,61,33
RI,1,20,34,20
RI,1,21,28,18
RI,1,22,24,20
RI,2,2,1,1
RI,2,3,1,1
RI,2,4,28,12
RI,2,5,32,17
RI,2,6,93,52
RI,2,7,197,110
RI,2,8,270,124
RI,2,9,137,73
RI,2,10,92,37
RI,2,11,82,41
RI,2,12,44,31
RI,2,13,53,35
RI,2,14,96,65
RI,2,15,174,113
RI,2,16,288,186
RI,2,17,251,152
RI,2,18,123,70
RI,2,19,62,37
RI,2,20,34,24
RI,2,21,31,26
RI,2,22,26,20
RI,2,23,1,1
RI,3,4,21,13
RI,3,5,31,16
RI,3,6,80,44
RI,3,7,186,99
RI,3,8,237,127
RI,3,9,131,69
RI,3,10,100,46
RI,3,11,93,64
RI,3,12,46,32
RI,3,13,68,52
RI,3,14,113,78
RI,3,15,130,96
RI,3,16,230,142
RI,3,17,230,143
RI,3,18,125,73
RI,3,19,47,31
RI,3,20,26,22
RI,3,21,44,29
RI,3,22,23,18
RI,4,3,1,1
RI,4,4,22,12
RI,4,5,36,22
RI,4,6,77,40
RI,4,7,178,89
RI,4,8,200,119
RI,4,9,120,62
RI,4,10,87,36
RI,4,11,96,57
RI,4,12,78,59
RI,4,13,122,97
RI,4,14,134,97
RI,4,15,176,124
RI,4,16,306,196
RI,4,17,254,170
RI,4,18,139,89
RI,4,19,74,53
RI,4,20,44,25
RI,4,21,33,23
RI,4,22,30,23
RI,4,23,1,1
RI,5,2,1,1
RI,5,7,35,27
RI,5,8,24,17
RI,5,9,31,18
RI,5,10,34,20
RI,5,11,50,39
RI,5,12,79,60
RI,5,13,101,74
RI,5,14,85,59
RI,5,15,60,55
RI,5,16,50,31
RI,5,17,53,43
RI,5,18,61,44
RI,5,19,31,22
RI,5,20,23,17
RI,5,21,20,12
RI,5,22,21,15
RI,5,23,1,1
RI,6,7,28,20
RI,6,8,34,27
RI,6,9,34,24
RI,6,10,33,20
RI,6,11,29,20
RI,6,12,52,38
RI,6,13,64,47
RI,6,14,49,39
RI,6,15,39,32
RI,6,16,42,32
RI,6,17,30,20
RI,6,18,24,18
RI,6,19,26,15
RI,6,20,23,17
RI,6,21,20,17
RI,6,22,23,18
RI,6,23,1,1
SC,0,1,1,1
SC,0,2,2,2
SC,0,3,4,3
SC,0,4,1577,195
SC,0,5,1575,191
SC,0,6,2959,456
SC,0,7,4312,648
SC,0,8,3879,638
SC,0,9,1805,292
SC,0,10,2266,346
SC,0,11,2390,400
SC,0,12,1404,255
SC,0,13,1774,353
SC,0,14,1568,324
SC,0,15,2523,420
SC,0,16,3938,589
SC,0,17,4195,716
SC,0,18,3049,435
SC,0,19,2230,260
SC,0,20,703,146
SC,0,21,279,74
SC,0,22,222,66
SC,0,23,50,25
SC,1,0,5,3
SC,1,1,9,1
SC,1,2,7,1
SC,1,3,12,5
SC,1,4,1469,193
SC,1,5,1523,159
SC,1,6,2882,416
SC,1,7,4687,716
SC,1,8,4310,674
SC,1,9,1790,325
SC,1,10,2109,318
SC,1,11,2206,354
SC,1,12,1409,292
SC,1,13,1695,342
SC,1,14,1607,312
SC,1,15,2546,421
SC,1,16,4039,625
SC,1,17,4306,728
SC,1,18,3162,489
SC,1,19,2152,275
SC,1,20,664,138
SC,1,21,275,83
SC,1,22,210,71
SC,1,23,25,21
SC,2,1,13,3
SC,2,2,4,3
SC,2,3,6,4
SC,2,4,1496,238
SC,2,5,1526,173
SC,2,6,2966,438
SC,2,7,4563,679
SC,2,8,4040,637
SC,2,9,1819,369
SC,2,10,2028,321
SC,2,11,2269,345
SC,2,12,1507,274
SC,2,13,1733,323
SC,2,14,1636,364
SC,2,15,2615,427
SC,2,16,3857,611
SC,2,17,4072,692
SC,2,18,3145,484
SC,2,19,2133,275
SC,2,20,739,143
SC,2,21,321,84
SC,2,22,280,68
SC,2,23,28,17
SC,3,0,8,3
SC,3,1,6,3
SC,3,2,5,1
SC,3,3,6,6
SC,3,4,1557,202
SC,3,5,1503,174
SC,3,6,2941,451
SC,3,7,4356,588
SC,3,8,3967,596
SC,3,9,1653,329
SC,3,10,2060,327
SC,3,11,2248,350
SC,3,12,1461,299
SC,3,13,1727,394
SC,3,14,1631,307
SC,3,15,2680,493
SC,3,16,4129,631
SC,3,17,4331,714
SC,3,18,3104,496
SC,3,19,2292,299
SC,3,20,708,146
SC,3,21,332,99
SC,3,22,282,102
SC,3,23,33,14
SC,4,0,1,1
SC,4,1,4,2
SC,4,2,3,2
SC,4,3,2,1
SC,4,4,1713,241
SC,4,5,1555,224
SC,4,6,2692,382
SC,4,7,3953,538
SC,4,8,3847,521
SC,4,9,1840,344
SC,4,10,2395,380
SC,4,11,2592,527
SC,4,12,1711,430
SC,4,13,2082,538
SC,4,14,1965,599
SC,4,15,3034,823
SC,4,16,4511,1008
SC,4,17,4138,873
SC,4,18,3243,601
SC,4,19,2556,422
SC,4,20,790,218
SC,4,21,356,111
SC,4,22,303,96
SC,4,23,42,23
SC,5,0,3,3
SC,5,1,2,0
SC,5,2,5,2
SC,5,3,5,1
SC,5,4,3,2
SC,5,5,5,3
SC,5,6,7,5
SC,5,7,138,87
SC,5,8,140,77
SC,5,9,655,183
SC,5,10,736,203
SC,5,11,852,283
SC,5,12,762,255
SC,5,13,636,261
SC,5,14,789,277
SC,5,15,782,287
SC,5,16,571,218
SC,5,17,156,83
SC,5,18,147,62
SC,5,19,125,65
SC,5,20,109,62
SC,5,21,116,52
SC,5,22,101,45
SC,6,1,1,1
SC,6,2,3,3
SC,6,3,2,1
SC,6,4,2,2
SC,6,5,3,3
SC,6,6,5,4
SC,6,7,127,75
SC,6,8,120,77
SC,6,9,444,127
SC,6,10,553,183
SC,6,11,620,220
SC,6,12,752,299
SC,6,13,630,292
SC,6,14,722,310
SC,6,15,628,302
SC,6,16,601,301
SC,6,17,178,108
SC,6,18,206,88
SC,6,19,164,81
SC,6,20,142,53
SC,6,21,110,61
SC,6,22,148,62
SC,6,23,1,1
SD,0,6,2,0
SD,0,9,1,0
SD,0,12,1,1
SD,1,10,1,0
SD,2,1,1,0
SD,2,6,1,0
SD,3,8,1,0
SD,4,6,1,0
SD,4,10,1,1
SD,6,12,1,0
SD,6,15,1,0
TN,0,0,6,4
TN,0,1,3,3
TN,0,2,3,3
TN,0,3,19,9
TN,0,4,387,97
TN,0,5,679,129
TN,0,6,1376,317
TN,0,7,2395,544
TN,0,8,2161,447
TN,0,9,715,225
TN,0,10,685,185
TN,0,11,712,144
TN,0,12,327,181
TN,0,13,362,201
TN,0,14,341,201
TN,0,15,1106,298
TN,0,16,1115,325
TN,0,17,1066,348
TN,0,18,923,267
TN,0,19,317,125
TN,0,20,218,101
TN,0,21,166,81
TN,0,22,137,67
TN,0,23,18,12
TN,1,0,6,5
TN,1,1,2,1
TN,1,3,6,5
TN,1,4,336,86
TN,1,5,670,109
TN,1,6,1501,315
TN,1,7,2466,501
TN,1,8,2363,523
TN,1,9,791,260
TN,1,10,710,165
TN,1,11,773,143
TN,1,12,299,135
TN,1,13,320,173
TN,1,14,244,125
TN,1,15,1098,275
TN,1,16,1122,328
TN,1,17,1068,379
TN,1,18,968,288
TN,1,19,350,137
TN,1,20,251,113
TN,1,21,191,81
TN,1,22,136,69
TN,1,23,19,14
TN,2,0,7,5
TN,2,1,4,1
TN,2,2,2,1
TN,2,3,15,13
TN,2,4,338,95
TN,2,5,682,155
TN,2,6,1477,331
TN,2,7,2540,534
TN,2,8,2458,547
TN,2,9,723,237
TN,2,10,722,182
TN,2,11,721,160
TN,2,12,338,170
TN,2,13,335,180
TN,2,14,301,171
TN,2,15,1134,292
TN,2,16,1127,334
TN,2,17,1153,413
TN,2,18,1012,291
TN,2,19,333,158
TN,2,20,271,93
TN,2,21,164,85
TN,2,22,139,83
TN,2,23,23,20
TN,3,2,1,1
TN,3,3,21,14
TN,3,4,373,105
TN,3,5,698,160
TN,3,6,1369,325
TN,3,7,2436,507
TN,3,8,2235,510
TN,3,9,691,269
TN,3,10,640,174
TN,3,11,731,138
TN,3,12,353,147
TN,3,13,371,185
TN,3,14,307,184
TN,3,15,1083,297
TN,3,16,1180,381
TN,3,17,1046,357
TN,3,18,1013,332
TN,3,19,336,144
TN,3,20,291,120
TN,3,21,211,102
TN,3,22,144,74
TN,3,23,16,12
TN,4,0,3,3
TN,4,1,1,1
TN,4,3,28,12
TN,4,4,451,133
TN,4,5,651,140
TN,4,6,1353,307
TN,4,7,2173,437
TN,4,8,1880,386
TN,4,9,695,224
TN,4,10,750,192
TN,4,11,782,173
TN,4,12,405,211
TN,4,13,382,227
TN,4,14,377,251
TN,4,15,1204,391
TN,4,16,1229,463
TN,4,17,1151,425
TN,4,18,1121,379
TN,4,19,435,220
TN,4,20,291,137
TN,4,21,211,106
TN,4,22,182,89
TN,4,23,49,35
TN,5,0,4,4
TN,5,1,1,1
TN,5,2,3,3
TN,5,3,2,2
TN,5,4,3,3
TN,5,5,1,1
TN,5,6,129,103
TN,5,7,122,91
TN,5,8,147,112
TN,5,9,150,120
TN,5,10,180,137
TN,5,11,216,169
TN,5,12,233,188
TN,5,13,245,194
TN,5,14,249,203
TN,5,15,274,225
TN,5,16,202,164
TN,5,17,175,144
TN,5,18,188,138
TN,5,19,163,118
TN,5,20,84,64
TN,5,21,100,79
TN,5,22,32,24
TN,5,23,6,5
TN,6,0,2,2
TN,6,1,1,1
TN,6,2,6,6
TN,6,3,2,2
TN,6,4,1,1
TN,6,5,5,5
TN,6,6,156,138
TN,6,7,134,113
TN,6,8,122,97
TN,6,9,143,105
TN,6,10,168,124
TN,6,11,194,150
TN,6,12,237,172
TN,6,13,257,216
TN,6,14,233,198
TN,6,15,249,221
TN,6,16,212,180
TN,6,17,213,172
TN,6,18,175,139
TN,6,19,144,111
TN,6,20,122,97
TN,6,21,94,72
TN,6,22,31,24
TN,6,23,5,4
TX,0,0,8,3
TX,0,1,5,5
TX,0,2,10,9
TX,0,3,28,10
TX,0,4,2052,507
TX,0,5,2086,567
TX,0,6,4160,1128
TX,0,7,6282,1411
TX,0,8,7348,1435
TX,0,9,4551,865
TX,0,10,4412,685
TX,0,11,3933,722
TX,0,12,2858,719
TX,0,13,2728,709
TX,0,14,2419,760
TX,0,15,3117,844
TX,0,16,4045,1271
TX,0,17,4260,1357
TX,0,18,3417,1060
TX,0,19,2474,746
TX,0,20,1364,381
TX,0,21,933,254
TX,0,22,814,238
TX,0,23,230,51
TX,1,0,29,11
TX,1,1,21,6
TX,1,2,18,8
TX,1,3,29,10
TX,1,4,1430,390
TX,1,5,1840,615
TX,1,6,4358,1236
TX,1,7,7188,1708
TX,1,8,8360,1613
TX,1,9,4895,999
TX,1,10,4669,760
TX,1,11,3871,694
TX,1,12,2782,699
TX,1,13,2683,710
TX,1,14,2542,801
TX,1,15,3099,890
TX,1,16,3928,1313
TX,1,17,4398,1450
TX,1,18,3554,1182
TX,1,19,2504,797
TX,1,20,1472,465
TX,1,21,1082,316
TX,1,22,922,295
TX,1,23,263,62
TX,2,0,19,5
TX,2,1,23,11
TX,2,2,13,3
TX,2,3,31,12
TX,2,4,1497,440
TX,2,5,1953,628
TX,2,6,4600,1356
TX,2,7,7104,1629
TX,2,8,8250,1583
TX,2,9,4857,1047
TX,2,10,4558,855
TX,2,11,4016,715
TX,2,12,2919,799
TX,2,13,2834,786
TX,2,14,2503,781
TX,2,15,3084,856
TX,2,16,3988,1368
TX,2,17,4333,1516
TX,2,18,3539,1180
TX,2,19,2694,891
TX,2,20,1524,479
TX,2,21,1035,311
TX,2,22,937,305
TX,2,23,274,63
TX,3,0,3,2
TX,3,1,3,2
TX,3,2,9,3
TX,3,3,24,15
TX,3,4,1573,426
TX,3,5,1925,615
TX,3,6,4043,1212
TX,3,7,6650,1499
TX,3,8,7665,1504
TX,3,9,4472,945
TX,3,10,4447,744
TX,3,11,3799,626
TX,3,12,2766,753
TX,3,13,2698,727
TX,3,14,2355,745
TX,3,15,3030,948
TX,3,16,4111,1372
TX,3,17,4390,1454
TX,3,18,3492,1221
TX,3,19,2649,917
TX,3,20,1476,459
TX,3,21,1113,342
TX,3,22,956,336
TX,3,23,277,72
TX,4,0,16,2
TX,4,1,2,2
TX,4,2,10,4
TX,4,3,22,7
TX,4,4,1876,476
TX,4,5,1894,531
TX,4,6,3923,1145
TX,4,7,6127,1339
TX,4,8,6976,1275
TX,4,9,4370,821
TX,4,10,4574,811
TX,4,11,4089,763
TX,4,12,2967,843
TX,4,13,2904,833
TX,4,14,2779,977
TX,4,15,3238,1092
TX,4,16,4435,1630
TX,4,17,4566,1596
TX,4,18,3661,1255
TX,4,19,2870,1088
TX,4,20,1656,605
TX,4,21,1251,459
TX,4,22,1123,385
TX,4,23,273,89
TX,5,0,14,4
TX,5,1,2,1
TX,5,3,4,3
TX,5,4,2,2
TX,5,5,23,14
TX,5,6,729,469
TX,5,7,844,382
TX,5,8,918,397
TX,5,9,865,347
TX,5,10,917,398
TX,5,11,1099,455
TX,5,12,1283,542
TX,5,13,1433,697
TX,5,14,1494,777
TX,5,15,1157,684
TX,5,16,1072,573
TX,5,17,1149,639
TX,5,18,1012,598
TX,5,19,967,535
TX,5,20,887,483
TX,5,21,727,395
TX,5,22,259,45
TX,5,23,15,4
TX,6,0,1,1
TX,6,1,4,3
TX,6,2,7,7
TX,6,3,2,0
TX,6,4,6,3
TX,6,5,15,5
TX,6,6,724,467
TX,6,7,657,309
TX,6,8,635,237
TX,6,9,665,263
TX,6,10,744,268
TX,6,11,880,365
TX,6,12,938,403
TX,6,13,1100,534
TX,6,14,1272,534
TX,6,15,987,525
TX,6,16,917,482
TX,6,17,908,495
TX,6,18,756,393
TX,6,19,697,334
TX,6,20,673,304
TX,6,21,638,300
TX,6,22,211,32
TX,6,23,4,3
UT,0,0,6,6
UT,0,1,6,6
UT,0,2,1,1
UT,0,3,6,2
UT,0,4,172,77
UT,0,5,215,62
UT,0,6,370,100
UT,0,7,575,187
UT,0,8,574,166
UT,0,9,372,140
UT,0,10,216,74
UT,0,11,139,64
UT,0,12,183,83
UT,0,13,157,78
UT,0,14,172,95
UT,0,15,263,128
UT,0,16,321,171
UT,0,17,363,207
UT,0,18,284,156
UT,0,19,100,57
UT,0,20,70,41
UT,0,21,66,46
UT,0,22,81,47
UT,0,23,1,1
UT,1,0,3,3
UT,1,2,3,2
UT,1,3,7,2
UT,1,4,166,64
UT,1,5,183,56
UT,1,6,395,120
UT,1,7,697,219
UT,1,8,651,202
UT,1,9,475,168
UT,1,10,322,87
UT,1,11,141,74
UT,1,12,194,82
UT,1,13,184,82
UT,1,14,244,109
UT,1,15,333,130
UT,1,16,386,204
UT,1,17,494,265
UT,1,18,361,193
UT,1,19,116,66
UT,1,20,77,45
UT,1,21,63,38
UT,1,22,78,39
UT,2,0,2,2
UT,2,1,2,1
UT,2,3,10,5
UT,2,4,195,96
UT,2,5,216,64
UT,2,6,433,129
UT,2,7,647,187
UT,2,8,638,214
UT,2,9,476,185
UT,2,10,313,108
UT,2,11,173,82
UT,2,12,208,93
UT,2,13,193,76
UT,2,14,190,101
UT,2,15,358,194
UT,2,16,390,202
UT,2,17,485,271
UT,2,18,356,175
UT,2,19,114,66
UT,2,20,82,42
UT,2,21,57,39
UT,2,22,65,36
UT,3,3,14,7
UT,3,4,169,68
UT,3,5,226,65
UT,3,6,455,148
UT,3,7,629,192
UT,3,8,625,195
UT,3,9,425,152
UT,3,10,274,73
UT,3,11,132,64
UT,3,12,188,87
UT,3,13,230,106
UT,3,14,204,88
UT,3,15,353,196
UT,3,16,409,223
UT,3,17,446,253
UT,3,18,358,199
UT,3,19,114,64
UT,3,20,65,45
UT,3,21,62,40
UT,3,22,66,49
UT,3,23,1,1
UT,4,2,2,2
UT,4,3,5,3
UT,4,4,165,70
UT,4,5,172,65
UT,4,6,336,88
UT,4,7,488,163
UT,4,8,524,176
UT,4,9,389,159
UT,4,10,311,106
UT,4,11,220,123
UT,4,12,220,95
UT,4,13,286,147
UT,4,14,275,160
UT,4,15,399,225
UT,4,16,340,218
UT,4,17,381,230
UT,4,18,294,162
UT,4,19,93,61
UT,4,20,64,37
UT,4,21,63,49
UT,4,22,56,32
UT,4,23,1,1
UT,5,2,1,1
UT,5,5,75,54
UT,5,6,152,90
UT,5,7,156,75
UT,5,8,182,85
UT,5,9,172,91
UT,5,10,168,65
UT,5,11,204,109
UT,5,12,202,113
UT,5,13,150,101
UT,5,14,152,101
UT,5,15,87,54
UT,5,16,49,36
UT,5,17,57,36
UT,5,18,53,37
UT,5,19,60,36
UT,5,20,38,25
UT,5,21,1,0
UT,5,22,1,1
UT,6,4,1,0
UT,6,5,96,71
UT,6,6,97,62
UT,6,7,109,62
UT,6,8,93,53
UT,6,9,98,56
UT,6,10,91,45
UT,6,11,93,44
UT,6,12,111,48
UT,6,13,102,75
UT,6,14,77,46
UT,6,15,74,50
UT,6,16,73,48
UT,6,17,70,46
UT,6,18,55,33
UT,6,19,37,31
UT,6,20,49,36
UT,6,23,1,1
VA,0,0,3,3
VA,0,1,7,6
VA,0,2,6,4
VA,0,3,5,4
VA,0,4,800,248
VA,0,5,735,298
VA,0,6,1497,493
VA,0,7,2124,632
VA,0,8,2244,641
VA,0,9,721,364
VA,0,10,646,307
VA,0,11,589,300
VA,0,12,635,314
VA,0,13,656,348
VA,0,14,697,424
VA,0,15,670,488
VA,0,16,1305,677
VA,0,17,1153,654
VA,0,18,852,508
VA,0,19,686,356
VA,0,20,372,210
VA,0,21,221,141
VA,0,22,232,170
VA,0,23,11,11
VA,1,0,4,4
VA,1,1,6,4
VA,1,2,10,7
VA,1,3,11,10
VA,1,4,656,226
VA,1,5,793,298
VA,1,6,1707,525
VA,1,7,2525,769
VA,1,8,2651,802
VA,1,9,786,376
VA,1,10,675,325
VA,1,11,511,227
VA,1,12,647,311
VA,1,13,606,327
VA,1,14,691,393
VA,1,15,708,493
VA,1,16,1271,675
VA,1,17,1297,747
VA,1,18,949,563
VA,1,19,711,391
VA,1,20,425,241
VA,1,21,255,171
VA,1,22,247,161
VA,1,23,16,15
VA,2,0,11,10
VA,2,1,12,8
VA,2,2,5,3
VA,2,3,6,3
VA,2,4,682,205
VA,2,5,736,237
VA,2,6,1538,531
VA,2,7,2376,675
VA,2,8,2504,680
VA,2,9,770,421
VA,2,10,661,300
VA,2,11,575,277
VA,2,12,636,335
VA,2,13,605,323
VA,2,14,697,395
VA,2,15,724,529
VA,2,16,1217,674
VA,2,17,1325,748
VA,2,18,1075,656
VA,2,19,734,374
VA,2,20,436,255
VA,2,21,228,169
VA,2,22,264,181
VA,2,23,10,8
VA,3,0,7,5
VA,3,1,5,4
VA,3,2,7,5
VA,3,3,3,3
VA,3,4,763,227
VA,3,5,693,254
VA,3,6,1495,479
VA,3,7,2242,663
VA,3,8,2369,654
VA,3,9,711,346
VA,3,10,691,343
VA,3,11,623,330
VA,3,12,640,344
VA,3,13,646,356
VA,3,14,699,412
VA,3,15,672,494
VA,3,16,1217,678
VA,3,17,1253,739
VA,3,18,958,573
VA,3,19,697,407
VA,3,20,427,249
VA,3,21,273,178
VA,3,22,282,201
VA,3,23,18,17
VA,4,0,2,2
VA,4,1,6,6
VA,4,2,7,4
VA,4,3,5,1
VA,4,4,858,276
VA,4,5,751,267
VA,4,6,1233,415
VA,4,7,2023,558
VA,4,8,2076,532
VA,4,9,641,284
VA,4,10,629,323
VA,4,11,613,287
VA,4,12,808,437
VA,4,13,786,436
VA,4,14,829,507
VA,4,15,810,624
VA,4,16,1383,798
VA,4,17,1326,801
VA,4,18,1023,678
VA,4,19,864,512
VA,4,20,507,320
VA,4,21,274,196
VA,4,22,345,237
VA,4,23,20,17
VA,5,0,4,4
VA,5,1,2,2
VA,5,2,4,4
VA,5,3,3,3
VA,5,4,2,2
VA,5,5,3,3
VA,5,6,10,9
VA,5,7,294,248
VA,5,8,202,164
VA,5,9,329,257
VA,5,10,376,280
VA,5,11,438,333
VA,5,12,409,302
VA,5,13,388,284
VA,5,14,388,291
VA,5,15,396,343
VA,5,16,321,270
VA,5,17,233,193
VA,5,18,202,166
VA,5,19,191,143
VA,5,20,130,97
VA,5,21,134,101
VA,5,22,122,95
VA,5,23,3,2
VA,6,0,1,1
VA,6,1,1,1
VA,6,2,8,8
VA,6,3,5,5
VA,6,4,8,8
VA,6,5,12,12
VA,6,6,6,6
VA,6,7,257,221
VA,6,8,180,156
VA,6,9,260,205
VA,6,10,315,233
VA,6,11,390,312
VA,6,12,387,297
VA,6,13,408,311
VA,6,14,439,347
VA,6,15,401,347
VA,6,16,306,264
VA,6,17,240,196
VA,6,18,220,186
VA,6,19,167,134
VA,6,20,132,113
VA,6,21,145,115
VA,6,22,104,86
VA,6,23,4,4
VT,0,1,1,1
VT,0,4,2,1
VT,0,5,5,1
VT,0,6,6,2
VT,0,7,11,5
VT,0,8,10,3
VT,0,9,7,3
VT,0,10,4,0
VT,0,11,3,0
VT,0,12,4,3
VT,0,13,10,2
VT,0,14,2,1
VT,0,15,1,1
VT,0,16,9,2
VT,0,17,9,4
VT,0,18,7,3
VT,0,19,3,2
VT,0,20,1,0
VT,1,4,4,2
VT,1,5,5,2
VT,1,6,6,2
VT,1,7,8,3
VT,1,8,10,2
VT,1,9,7,3
VT,1,10,5,2
VT,1,11,8,4
VT,1,12,3,0
VT,1,13,8,3
VT,1,14,5,3
VT,1,15,5,3
VT,1,16,13,5
VT,1,17,11,5
VT,1,18,3,1
VT,1,19,4,3
VT,1,21,1,1
VT,1,23,1,1
VT,2,4,3,1
VT,2,5,6,2
VT,2,6,6,2
VT,2,7,11,3
VT,2,8,13,7
VT,2,9,6,3
VT,2,10,7,1
VT,2,11,3,3
VT,2,12,3,1
VT,2,13,7,1
VT,2,14,4,3
VT,2,15,5,1
VT,2,16,7,4
VT,2,17,6,3
VT,2,18,7,3
VT,2,20,1,1
VT,2,21,1,1
VT,3,4,4,3
VT,3,5,2,1
VT,3,6,9,4
VT,3,7,7,3
VT,3,8,10,4
VT,3,9,15,5
VT,3,10,10,6
VT,3,11,4,1
VT,3,12,5,3
VT,3,13,7,1
VT,3,14,4,2
VT,3,15,2,1
VT,3,16,17,9
VT,3,17,6,3
VT,3,18,5,1
VT,3,19,4,2
VT,3,20,1,1
VT,3,22,2,0
VT,3,23,1,1
VT,4,3,1,0
VT,4,4,7,2
VT,4,5,2,0
VT,4,6,4,0
VT,4,7,15,4
VT,4,8,11,0
VT,4,9,4,2
VT,4,10,5,0
VT,4,11,7,5
VT,4,12,2,0
VT,4,13,4,3
VT,4,14,3,2
VT,4,15,5,3
VT,4,16,7,5
VT,4,17,12,4
VT,4,18,14,2
VT,4,19,7,4
VT,4,20,2,0
VT,4,22,1,1
VT,5,6,1,1
VT,5,8,1,1
VT,5,10,1,1
VT,5,11,3,3
VT,5,14,2,2
VT,5,15,2,1
VT,5,16,1,1
VT,5,17,1,1
VT,5,18,2,2
VT,5,21,2,1
VT,6,7,1,0
VT,6,8,2,1
VT,6,9,1,1
VT,6,11,1,0
VT,6,12,1,1
VT,6,14,3,3
VT,6,17,1,0
VT,6,19,1,1
VT,6,20,1,0
WA,0,0,119,47
WA,0,1,157,77
WA,0,2,163,68
WA,0,3,180,75
WA,0,4,247,84
WA,0,5,371,152
WA,0,6,574,201
WA,0,7,756,233
WA,0,8,745,226
WA,0,9,402,166
WA,0,10,465,188
WA,0,11,466,164
WA,0,12,382,163
WA,0,13,480,182
WA,0,14,585,223
WA,0,15,575,235
WA,0,16,668,227
WA,0,17,730,283
WA,0,18,491,178
WA,0,19,417,127
WA,0,20,382,131
WA,0,21,203,82
WA,0,22,105,62
WA,0,23,150,64
WA,1,0,122,48
WA,1,1,168,96
WA,1,2,164,87
WA,1,3,148,52
WA,1,4,262,80
WA,1,5,408,159
WA,1,6,659,244
WA,1,7,901,291
WA,1,8,838,243
WA,1,9,499,237
WA,1,10,533,208
WA,1,11,474,159
WA,1,12,447,168
WA,1,13,471,147
WA,1,14,615,206
WA,1,15,604,249
WA,1,16,689,235
WA,1,17,848,313
WA,1,18,562,221
WA,1,19,451,144
WA,1,20,366,119
WA,1,21,226,115
WA,1,22,149,76
WA,1,23,153,63
WA,2,0,149,53
WA,2,1,193,104
WA,2,2,186,80
WA,2,3,154,64
WA,2,4,260,72
WA,2,5,389,154
WA,2,6,593,206
WA,2,7,800,216
WA,2,8,787,235
WA,2,9,487,213
WA,2,10,527,198
WA,2,11,532,192
WA,2,12,374,140
WA,2,13,469,150
WA,2,14,604,232
WA,2,15,584,257
WA,2,16,686,257
WA,2,17,820,298
WA,2,18,560,208
WA,2,19,453,158
WA,2,20,381,117
WA,2,21,231,109
WA,2,22,121,62
WA,2,23,175,79
WA,3,0,149,63
WA,3,1,244,115
WA,3,2,172,72
WA,3,3,158,59
WA,3,4,263,97
WA,3,5,367,136
WA,3,6,648,245
WA,3,7,775,197
WA,3,8,741,193
WA,3,9,468,203
WA,3,10,517,199
WA,3,11,573,170
WA,3,12,414,175
WA,3,13,537,197
WA,3,14,684,228
WA,3,15,570,235
WA,3,16,693,262
WA,3,17,778,293
WA,3,18,539,209
WA,3,19,456,161
WA,3,20,438,147
WA,3,21,228,116
WA,3,22,148,90
WA,3,23,219,110
WA,4,0,161,68
WA,4,1,189,82
WA,4,2,184,59
WA,4,3,211,80
WA,4,4,248,72
WA,4,5,343,129
WA,4,6,493,164
WA,4,7,702,187
WA,4,8,612,178
WA,4,9,375,165
WA,4,10,467,179
WA,4,11,531,196
WA,4,12,483,211
WA,4,13,575,216
WA,4,14,724,299
WA,4,15,727,361
WA,4,16,801,310
WA,4,17,861,338
WA,4,18,615,241
WA,4,19,486,194
WA,4,20,458,163
WA,4,21,253,116
WA,4,22,155,89
WA,4,23,174,104
WA,5,0,169,86
WA,5,1,126,67
WA,5,2,152,88
WA,5,3,120,73
WA,5,4,141,96
WA,5,5,113,74
WA,5,6,140,75
WA,5,7,129,67
WA,5,8,159,91
WA,5,9,174,103
WA,5,10,228,142
WA,5,11,302,186
WA,5,12,329,218
WA,5,13,394,238
WA,5,14,282,201
WA,5,15,238,137
WA,5,16,252,163
WA,5,17,238,173
WA,5,18,227,149
WA,5,19,161,89
WA,5,20,103,61
WA,5,21,147,85
WA,5,22,188,109
WA,5,23,186,93
WA,6,0,165,94
WA,6,1,166,87
WA,6,2,185,116
WA,6,3,119,76
WA,6,4,123,77
WA,6,5,120,72
WA,6,6,118,73
WA,6,7,127,65
WA,6,8,131,86
WA,6,9,167,97
WA,6,10,191,109
WA,6,11,249,151
WA,6,12,244,140
WA,6,13,284,169
WA,6,14,265,168
WA,6,15,226,136
WA,6,16,220,141
WA,6,17,185,115
WA,6,18,179,114
WA,6,19,153,99
WA,6,20,126,67
WA,6,21,125,73
WA,6,22,125,78
WA,6,23,185,91
WI,0,1,1,1
WI,0,2,2,1
WI,0,4,111,50
WI,0,5,139,54
WI,0,6,320,117
WI,0,7,494,162
WI,0,8,511,136
WI,0,9,147,73
WI,0,10,143,61
WI,0,11,179,85
WI,0,12,83,56
WI,0,13,94,64
WI,0,14,92,71
WI,0,15,182,103
WI,0,16,202,112
WI,0,17,172,87
WI,0,18,115,70
WI,0,19,71,55
WI,0,20,53,37
WI,0,21,40,26
WI,0,22,37,30
WI,0,23,2,2
WI,1,2,2,2
WI,1,3,2,1
WI,1,4,93,63
WI,1,5,98,50
WI,1,6,270,101
WI,1,7,530,165
WI,1,8,568,140
WI,1,9,161,80
WI,1,10,177,70
WI,1,11,163,72
WI,1,12,81,53
WI,1,13,87,63
WI,1,14,81,58
WI,1,15,164,101
WI,1,16,177,99
WI,1,17,175,93
WI,1,18,116,69
WI,1,19,76,51
WI,1,20,28,23
WI,1,21,40,28
WI,1,22,19,15
WI,2,2,1,1
WI,2,3,2,2
WI,2,4,82,50
WI,2,5,122,58
WI,2,6,296,103
WI,2,7,481,153
WI,2,8,529,153
WI,2,9,159,87
WI,2,10,166,77
WI,2,11,137,54
WI,2,12,85,57
WI,2,13,96,55
WI,2,14,101,70
WI,2,15,153,83
WI,2,16,185,88
WI,2,17,181,96
WI,2,18,131,81
WI,2,19,47,37
WI,2,20,42,28
WI,2,21,35,25
WI,2,22,28,24
WI,2,23,1,1
WI,3,0,2,2
WI,3,3,2,1
WI,3,4,76,43
WI,3,5,96,42
WI,3,6,222,79
WI,3,7,474,175
WI,3,8,506,143
WI,3,9,150,73
WI,3,10,141,68
WI,3,11,136,44
WI,3,12,80,57
WI,3,13,95,64
WI,3,14,106,81
WI,3,15,191,120
WI,3,16,256,141
WI,3,17,216,111
WI,3,18,139,88
WI,3,19,50,39
WI,3,20,36,23
WI,3,21,37,23
WI,3,22,51,41
WI,4,3,2,1
WI,4,4,102,42
WI,4,5,126,52
WI,4,6,236,79
WI,4,7,382,115
WI,4,8,394,105
WI,4,9,143,63
WI,4,10,159,66
WI,4,11,112,59
WI,4,12,87,51
WI,4,13,107,83
WI,4,14,125,95
WI,4,15,206,118
WI,4,16,242,144
WI,4,17,219,130
WI,4,18,161,82
WI,4,19,82,61
WI,4,20,43,32
WI,4,21,41,30
WI,4,22,28,20
WI,4,23,2,2
WI,5,4,1,1
WI,5,6,48,40
WI,5,7,48,33
WI,5,8,55,45
WI,5,9,60,48
WI,5,10,47,34
WI,5,11,62,52
WI,5,12,60,49
WI,5,13,66,54
WI,5,14,55,41
WI,5,15,54,43
WI,5,16,30,22
WI,5,17,46,38
WI,5,18,36,30
WI,5,19,27,21
WI,5,20,31,29
WI,5,21,17,12
WI,5,23,1,0
WI,6,6,45,36
WI,6,7,56,47
WI,6,8,60,49
WI,6,9,64,47
WI,6,10,65,56
WI,6,11,76,64
WI,6,12,61,50
WI,6,13,83,72
WI,6,14,47,37
WI,6,15,52,43
WI,6,16,54,41
WI,6,17,39,29
WI,6,18,35,27
WI,6,19,24,19
WI,6,20,19,12
WI,6,21,19,15
WV,0,5,2,2
WV,0,6,4,1
WV,0,7,2,0
WV,0,8,2,1
WV,0,9,8,6
WV,0,10,6,6
WV,0,11,7,5
WV,0,13,5,5
WV,0,14,3,3
WV,0,15,4,2
WV,0,16,1,1
WV,0,17,6,6
WV,0,18,1,0
WV,0,19,8,7
WV,0,20,4,2
WV,0,22,2,1
WV,1,2,1,0
WV,1,3,1,1
WV,1,4,1,1
WV,1,5,1,1
WV,1,6,2,0
WV,1,7,6,6
WV,1,8,3,2
WV,1,9,4,2
WV,1,10,5,3
WV,1,11,3,2
WV,1,12,2,2
WV,1,13,2,1
WV,1,14,4,4
WV,1,15,2,2
WV,1,16,3,1
WV,1,17,1,0
WV,1,18,5,2
WV,1,19,3,3
WV,1,20,1,1
WV,1,21,1,0
WV,1,22,1,1
WV,1,23,3,3
WV,2,3,2,1
WV,2,5,2,1
WV,2,6,4,3
WV,2,7,4,1
WV,2,8,4,3
WV,2,9,1,1
WV,2,10,3,2
WV,2,11,7,7
WV,2,12,3,3
WV,2,13,6,5
WV,2,14,1,1
WV,2,16,4,3
WV,2,17,8,5
WV,2,18,6,5
WV,2,19,2,1
WV,2,20,2,2
WV,2,21,3,0
WV,3,5,2,2
WV,3,6,2,0
WV,3,7,2,1
WV,3,8,6,3
WV,3,9,6,3
WV,3,10,4,3
WV,3,11,3,3
WV,3,12,4,3
WV,3,13,1,0
WV,3,14,2,1
WV,3,15,4,4
WV,3,16,2,2
WV,3,17,8,7
WV,3,18,9,7
WV,3,19,5,5
WV,3,20,1,1
WV,3,21,3,2
WV,3,22,2,2
WV,3,23,1,1
WV,4,0,2,1
WV,4,1,1,1
WV,4,4,2,2
WV,4,5,1,1
WV,4,6,2,1
WV,4,7,5,3
WV,4,8,2,1
WV,4,9,4,3
WV,4,10,3,3
WV,4,11,3,3
WV,4,12,5,5
WV,4,13,3,3
WV,4,14,1,1
WV,4,15,5,5
WV,4,16,6,4
WV,4,17,5,4
WV,4,18,3,2
WV,4,19,4,2
WV,4,20,1,0
WV,4,21,4,2
WV,4,22,2,0
WV,4,23,2,1
WV,5,1,2,2
WV,5,2,1,1
WV,5,3,3,3
WV,5,4,6,5
WV,5,5,1,0
WV,5,6,4,4
WV,5,7,1,1
WV,5,8,1,1
WV,5,9,3,1
WV,5,10,4,2
WV,5,11,2,2
WV,5,12,1,1
WV,5,13,1,1
WV,5,14,1,1
WV,5,15,2,2
WV,5,16,2,2
WV,5,17,6,4
WV,5,18,4,4
WV,5,19,5,5
WV,5,20,3,3
WV,5,21,3,3
WV,5,22,1,1
WV,5,23,1,0
WV,6,0,2,1
WV,6,1,3,3
WV,6,2,2,2
WV,6,3,3,3
WV,6,4,3,3
WV,6,5,1,1
WV,6,6,2,2
WV,6,7,1,1
WV,6,8,1,1
WV,6,9,2,2
WV,6,10,1,1
WV,6,11,1,0
WV,6,12,1,1
WV,6,13,1,0
WV,6,15,11,8
WV,6,16,4,4
WV,6,17,4,4
WV,6,18,10,9
WV,6,19,4,4
WV,6,20,3,3
WV,6,21,8,8
WV,6,22,1,1
WY,0,1,1,1
WY,0,2,1,1
WY,0,3,2,1
WY,0,4,1,0
WY,0,5,3,2
WY,0,6,4,4
WY,0,7,3,1
WY,0,8,2,1
WY,0,9,2,1
WY,0,12,2,1
WY,0,16,1,1
WY,0,17,2,2
WY,0,19,1,1
WY,0,22,1,0
WY,1,1,2,0
WY,1,2,2,2
WY,1,4,1,0
WY,1,5,4,3
WY,1,6,3,2
WY,1,7,2,1
WY,1,8,5,4
WY,1,9,1,0
WY,1,11,2,1
WY,1,13,3,2
WY,1,14,1,1
WY,1,17,2,2
WY,2,0,2,2
WY,2,1,1,1
WY,2,2,1,0
WY,2,3,2,2
WY,2,5,3,2
WY,2,6,3,3
WY,2,7,2,1
WY,2,8,6,5
WY,2,10,1,1
WY,2,12,1,0
WY,2,14,1,0
WY,2,17,1,1
WY,2,18,1,1
WY,2,23,1,1
WY,3,1,1,1
WY,3,3,3,3
WY,3,4,2,1
WY,3,5,3,3
WY,3,6,2,2
WY,3,7,3,2
WY,3,8,7,6
WY,3,9,3,2
WY,3,10,1,0
WY,3,12,1,1
WY,3,17,1,1
WY,3,21,1,1
WY,4,0,1,1
WY,4,2,3,2
WY,4,3,2,2
WY,4,4,4,4
WY,4,5,3,3
WY,4,6,1,1
WY,4,7,3,2
WY,4,8,3,2
WY,4,9,4,3
WY,4,11,1,1
WY,4,15,2,1
WY,5,4,3,3
WY,5,9,1,1
WY,5,10,1,1
WY,5,15,2,1
WY,5,16,1,1
WY,5,20,1,1
WY,5,23,1,1
WY,6,1,53,53
WY,6,3,1,1
WY,6,9,1,1
WY,6,13,1,1
WY,6,22,1,1
